{
  "frame_idx": 0,
  "rect_type": "ball_flight_area",
  "rect": [
    459.93190416141226,
    4.402900378310278,
    725.2206809583862,
    699.6847414880201
  ]
}