{
  "frame_idx": 0,
  "rect_type": "rim",
  "rect": [
    468.4438839848675,
    263.1670870113494,
    125.97730138713746,
    131.0844892812106
  ]
}