{"original_points": [[981, 683], [1028, 589], [1028, 585], [1023, 576], [1022, 558], [1010, 532], [994, 498], [981, 466], [968, 437], [953, 410], [936, 384], [983, 668], [921, 357], [904, 330], [888, 307], [871, 287], [854, 269], [838, 252], [820, 234], [802, 221], [783, 211], [763, 199], [986, 654], [745, 191], [724, 186], [705, 182], [683, 181], [663, 182], [639, 185], [616, 189], [591, 195], [566, 206], [543, 219], [988, 639], [517, 235], [500, 235], [488, 217], [474, 200], [468, 186], [475, 181], [482, 174], [490, 167], [501, 165], [509, 168], [993, 623], [516, 171], [526, 179], [535, 188], [543, 201], [553, 216], [559, 236]], "parabola_params": [0.0024017609280986485, -2.9819019687361985, 1083.2649584812589], "trajectory": [[1028, 556], [1023, 546], [1022, 544], [1010, 521], [994, 492], [981, 469], [968, 447], [953, 422], [936, 396], [904, 350], [888, 329], [871, 308], [854, 288], [838, 271], [820, 253], [802, 236], [783, 220], [763, 206], [724, 183], [705, 174], [683, 167], [663, 162], [639, 158], [616, 157], [591, 159], [566, 164], [500, 192], [488, 200], [474, 209], [468, 213], [475, 208], [482, 203], [490, 198], [501, 192], [509, 187], [526, 179], [535, 175], [543, 172]]}