{
  "original_points": [
    [
      948,
      691
    ],
    [
      980,
      588
    ],
    [
      986,
      587
    ],
    [
      991,
      587
    ],
    [
      991,
      585
    ],
    [
      987,
      576
    ],
    [
      970,
      532
    ],
    [
      958,
      496
    ],
    [
      945,
      466
    ],
    [
      932,
      438
    ],
    [
      946,
      681
    ],
    [
      918,
      411
    ],
    [
      903,
      384
    ],
    [
      888,
      358
    ],
    [
      875,
      334
    ],
    [
      843,
      294
    ],
    [
      829,
      278
    ],
    [
      812,
      260
    ],
    [
      796,
      248
    ],
    [
      779,
      236
    ],
    [
      945,
      667
    ],
    [
      761,
      224
    ],
    [
      741,
      215
    ],
    [
      726,
      210
    ],
    [
      708,
      208
    ],
    [
      689,
      205
    ],
    [
      670,
      204
    ],
    [
      651,
      207
    ],
    [
      631,
      211
    ],
    [
      612,
      217
    ],
    [
      592,
      231
    ],
    [
      946,
      655
    ],
    [
      567,
      238
    ],
    [
      950,
      638
    ],
    [
      951,
      623
    ],
    [
      961,
      609
    ],
    [
      967,
      597
    ]
  ],
  "trajectory": [
    [
      567.0,
      250.03247008094718
    ],
    [
      571.2828282828283,
      245.83030081102788
    ],
    [
      575.5656565656566,
      241.79516892607376
    ],
    [
      579.8484848484849,
      237.92707442608548
    ],
    [
      584.1313131313132,
      234.22601731106283
    ],
    [
      588.4141414141415,
      230.69199758100604
    ],
    [
      592.6969696969697,
      227.32501523591418
    ],
    [
      596.9797979797979,
      224.1250702757884
    ],
    [
      601.2626262626262,
      221.09216270062825
    ],
    [
      605.5454545454545,
      218.22629251043372
    ],
    [
      609.8282828282828,
      215.5274597052039
    ],
    [
      614.1111111111111,
      212.99566428494063
    ],
    [
      618.3939393939394,
      210.63090624964252
    ],
    [
      622.6767676767677,
      208.43318559931004
    ],
    [
      626.959595959596,
      206.40250233394318
    ],
    [
      631.2424242424242,
      204.53885645354194
    ],
    [
      635.5252525252525,
      202.84224795810633
    ],
    [
      639.8080808080808,
      201.31267684763634
    ],
    [
      644.0909090909091,
      199.95014312213152
    ],
    [
      648.3737373737374,
      198.75464678159233
    ],
    [
      652.6565656565657,
      197.7261878260192
    ],
    [
      656.939393939394,
      196.86476625541127
    ],
    [
      661.2222222222222,
      196.17038206976895
    ],
    [
      665.5050505050505,
      195.6430352690927
    ],
    [
      669.7878787878788,
      195.28272585338163
    ],
    [
      674.070707070707,
      195.0894538226362
    ],
    [
      678.3535353535353,
      195.0632191768559
    ],
    [
      682.6363636363636,
      195.2040219160417
    ],
    [
      686.9191919191919,
      195.51186204019268
    ],
    [
      691.2020202020202,
      195.98673954930973
    ],
    [
      695.4848484848485,
      196.62865444339195
    ],
    [
      699.7676767676768,
      197.43760672244025
    ],
    [
      704.0505050505051,
      198.41359638645372
    ],
    [
      708.3333333333334,
      199.5566234354328
    ],
    [
      712.6161616161617,
      200.86668786937753
    ],
    [
      716.8989898989898,
      202.34378968828787
    ],
    [
      721.1818181818182,
      203.98792889216338
    ],
    [
      725.4646464646464,
      205.79910548100497
    ],
    [
      729.7474747474747,
      207.7773194548122
    ],
    [
      734.030303030303,
      209.92257081358503
    ],
    [
      738.3131313131313,
      212.23485955732303
    ],
    [
      742.5959595959596,
      214.71418568602712
    ],
    [
      746.8787878787879,
      217.36054919969638
    ],
    [
      751.1616161616162,
      220.1739500983308
    ],
    [
      755.4444444444445,
      223.1543883819313
    ],
    [
      759.7272727272727,
      226.30186405049744
    ],
    [
      764.010101010101,
      229.6163771040292
    ],
    [
      768.2929292929293,
      233.09792754252658
    ],
    [
      772.5757575757575,
      236.74651536598958
    ],
    [
      776.8585858585859,
      240.56214057441798
    ],
    [
      781.1414141414141,
      244.54480316781178
    ],
    [
      785.4242424242425,
      248.69450314617166
    ],
    [
      789.7070707070707,
      253.01124050949647
    ],
    [
      793.989898989899,
      257.4950152577874
    ],
    [
      798.2727272727273,
      262.14582739104367
    ],
    [
      802.5555555555555,
      266.9636769092656
    ],
    [
      806.8383838383838,
      271.94856381245313
    ],
    [
      811.1212121212121,
      277.1004881006063
    ],
    [
      815.4040404040404,
      282.41944977372486
    ],
    [
      819.6868686868687,
      287.90544883180905
    ],
    [
      823.969696969697,
      293.55848527485864
    ],
    [
      828.2525252525252,
      299.3785591028741
    ],
    [
      832.5353535353536,
      305.36567031585514
    ],
    [
      836.8181818181818,
      311.5198189138016
    ],
    [
      841.1010101010102,
      317.8410048967139
    ],
    [
      845.3838383838383,
      324.3292282645914
    ],
    [
      849.6666666666667,
      330.98448901743495
    ],
    [
      853.9494949494949,
      337.8067871552432
    ],
    [
      858.2323232323232,
      344.7961226780178
    ],
    [
      862.5151515151515,
      351.9524955857578
    ],
    [
      866.7979797979798,
      359.2759058784636
    ],
    [
      871.0808080808081,
      366.76635355613485
    ],
    [
      875.3636363636364,
      374.42383861877147
    ],
    [
      879.6464646464647,
      382.2483610663735
    ],
    [
      883.929292929293,
      390.2399208989416
    ],
    [
      888.2121212121212,
      398.3985181164751
    ],
    [
      892.4949494949494,
      406.72415271897444
    ],
    [
      896.7777777777778,
      415.21682470643896
    ],
    [
      901.060606060606,
      423.87653407886955
    ],
    [
      905.3434343434344,
      432.7032808362651
    ],
    [
      909.6262626262626,
      441.69706497862603
    ],
    [
      913.909090909091,
      450.8578865059535
    ],
    [
      918.1919191919192,
      460.1857454182457
    ],
    [
      922.4747474747475,
      469.6806417155037
    ],
    [
      926.7575757575758,
      479.3425753977276
    ],
    [
      931.040404040404,
      489.1715464649169
    ],
    [
      935.3232323232323,
      499.1675549170718
    ],
    [
      939.6060606060606,
      509.33060075419235
    ],
    [
      943.8888888888889,
      519.6606839762785
    ],
    [
      948.1717171717171,
      530.1578045833294
    ],
    [
      952.4545454545455,
      540.8219625753475
    ],
    [
      956.7373737373737,
      551.6531579523296
    ],
    [
      961.0202020202021,
      562.6513907142787
    ],
    [
      965.3030303030303,
      573.8166608611918
    ],
    [
      969.5858585858587,
      585.1489683930722
    ],
    [
      973.8686868686868,
      596.6483133099166
    ],
    [
      978.1515151515151,
      608.3146956117273
    ],
    [
      982.4343434343434,
      620.1481152985036
    ],
    [
      986.7171717171717,
      632.1485723702456
    ],
    [
      991.0,
      644.3160668269531
    ]
  ],
  "parabola_params": [
    0.004553259083658683,
    -6.1640635090713465,
    2281.2337701780543
  ]
}