{"original_points": [[988, 687], [1033, 589], [1036, 588], [1036, 583], [1031, 568], [1013, 506], [1000, 477], [989, 448], [976, 416], [963, 388], [990, 676], [950, 363], [936, 339], [922, 314], [910, 293], [894, 273], [879, 255], [865, 239], [851, 222], [836, 210], [819, 198], [992, 659], [803, 189], [787, 183], [770, 177], [753, 172], [733, 170], [714, 173], [697, 178], [677, 181], [656, 191], [636, 202], [993, 643], [615, 215], [594, 232], [107, 389], [107, 389], [107, 389], [998, 628], [1004, 614], [1014, 603], [1018, 597], [1025, 591], [107, 388]], "parabola_params": [0.0017915129605384553, -1.8638411551276648, 569.5113832597278], "trajectory": [[1036, 561], [1036, 561], [1031, 552], [1013, 519], [1000, 497], [989, 478], [787, 212], [770, 196], [753, 181], [733, 165], [714, 152], [697, 140], [107, 390], [107, 390]]}