{
  "original_points": [
    [
      968,
      594
    ],
    [
      922,
      430
    ],
    [
      908,
      402
    ],
    [
      895,
      375
    ],
    [
      881,
      350
    ],
    [
      868,
      326
    ],
    [
      851,
      304
    ],
    [
      835,
      285
    ],
    [
      823,
      265
    ],
    [
      807,
      248
    ],
    [
      792,
      234
    ],
    [
      972,
      592
    ],
    [
      776,
      218
    ],
    [
      760,
      209
    ],
    [
      741,
      196
    ],
    [
      724,
      191
    ],
    [
      709,
      186
    ],
    [
      690,
      184
    ],
    [
      672,
      182
    ],
    [
      653,
      183
    ],
    [
      633,
      187
    ],
    [
      611,
      192
    ],
    [
      591,
      202
    ],
    [
      568,
      213
    ],
    [
      546,
      226
    ],
    [
      522,
      240
    ],
    [
      516,
      236
    ],
    [
      514,
      211
    ],
    [
      514,
      193
    ],
    [
      511,
      180
    ],
    [
      508,
      165
    ],
    [
      507,
      154
    ],
    [
      505,
      144
    ],
    [
      503,
      140
    ],
    [
      501,
      136
    ],
    [
      500,
      134
    ],
    [
      496,
      138
    ],
    [
      494,
      140
    ],
    [
      491,
      153
    ],
    [
      492,
      158
    ],
    [
      495,
      167
    ],
    [
      497,
      177
    ],
    [
      500,
      190
    ],
    [
      501,
      206
    ],
    [
      504,
      224
    ],
    [
      506,
      243
    ]
  ],
  "trajectory": [
    [
      491.0,
      191.27311626525068
    ],
    [
      495.85858585858585,
      188.2385105566267
    ],
    [
      500.7171717171717,
      185.33719842830237
    ],
    [
      505.57575757575756,
      182.56917988027726
    ],
    [
      510.4343434343434,
      179.9344549125517
    ],
    [
      515.2929292929293,
      177.43302352512558
    ],
    [
      520.1515151515151,
      175.064885717999
    ],
    [
      525.010101010101,
      172.83004149117176
    ],
    [
      529.8686868686868,
      170.72849084464417
    ],
    [
      534.7272727272727,
      168.76023377841602
    ],
    [
      539.5858585858585,
      166.9252702924872
    ],
    [
      544.4444444444445,
      165.22360038685815
    ],
    [
      549.3030303030303,
      163.65522406152832
    ],
    [
      554.1616161616162,
      162.22014131649803
    ],
    [
      559.0202020202021,
      160.91835215176707
    ],
    [
      563.8787878787879,
      159.74985656733588
    ],
    [
      568.7373737373738,
      158.71465456320402
    ],
    [
      573.5959595959596,
      157.8127461393717
    ],
    [
      578.4545454545455,
      157.04413129583872
    ],
    [
      583.3131313131313,
      156.4088100326053
    ],
    [
      588.1717171717172,
      155.9067823496714
    ],
    [
      593.030303030303,
      155.53804824703684
    ],
    [
      597.8888888888889,
      155.30260772470183
    ],
    [
      602.7474747474747,
      155.20046078266637
    ],
    [
      607.6060606060606,
      155.23160742093046
    ],
    [
      612.4646464646464,
      155.39604763949364
    ],
    [
      617.3232323232323,
      155.69378143835684
    ],
    [
      622.1818181818182,
      156.12480881751912
    ],
    [
      627.040404040404,
      156.68912977698096
    ],
    [
      631.89898989899,
      157.38674431674212
    ],
    [
      636.7575757575758,
      158.21765243680306
    ],
    [
      641.6161616161617,
      159.18185413716333
    ],
    [
      646.4747474747475,
      160.27934941782314
    ],
    [
      651.3333333333334,
      161.5101382787824
    ],
    [
      656.1919191919192,
      162.87422072004097
    ],
    [
      661.0505050505051,
      164.3715967415992
    ],
    [
      665.909090909091,
      166.002266343457
    ],
    [
      670.7676767676768,
      167.7662295256141
    ],
    [
      675.6262626262626,
      169.66348628807066
    ],
    [
      680.4848484848485,
      171.69403663082687
    ],
    [
      685.3434343434344,
      173.8578805538824
    ],
    [
      690.2020202020202,
      176.1550180572375
    ],
    [
      695.0606060606061,
      178.58544914089202
    ],
    [
      699.9191919191919,
      181.14917380484587
    ],
    [
      704.7777777777778,
      183.8461920490994
    ],
    [
      709.6363636363636,
      186.67650387365222
    ],
    [
      714.4949494949495,
      189.64010927850484
    ],
    [
      719.3535353535353,
      192.73700826365678
    ],
    [
      724.2121212121212,
      195.96720082910792
    ],
    [
      729.0707070707072,
      199.33068697485896
    ],
    [
      733.929292929293,
      202.82746670090933
    ],
    [
      738.7878787878788,
      206.45754000725924
    ],
    [
      743.6464646464647,
      210.22090689390836
    ],
    [
      748.5050505050506,
      214.11756736085727
    ],
    [
      753.3636363636364,
      218.14752140810526
    ],
    [
      758.2222222222222,
      222.31076903565292
    ],
    [
      763.0808080808081,
      226.60731024350036
    ],
    [
      767.939393939394,
      231.0371450316469
    ],
    [
      772.7979797979799,
      235.60027340009322
    ],
    [
      777.6565656565657,
      240.29669534883885
    ],
    [
      782.5151515151515,
      245.1264108778836
    ],
    [
      787.3737373737374,
      250.08941998722833
    ],
    [
      792.2323232323233,
      255.18572267687262
    ],
    [
      797.0909090909091,
      260.4153189468158
    ],
    [
      801.9494949494949,
      265.7782087970588
    ],
    [
      806.8080808080808,
      271.2743922276014
    ],
    [
      811.6666666666667,
      276.90386923844335
    ],
    [
      816.5252525252525,
      282.6666398295847
    ],
    [
      821.3838383838383,
      288.5627040010256
    ],
    [
      826.2424242424242,
      294.59206175276586
    ],
    [
      831.1010101010102,
      300.754713084806
    ],
    [
      835.9595959595961,
      307.05065799714555
    ],
    [
      840.8181818181819,
      313.479896489784
    ],
    [
      845.6767676767677,
      320.0424285627222
    ],
    [
      850.5353535353536,
      326.7382542159602
    ],
    [
      855.3939393939395,
      333.56737344949727
    ],
    [
      860.2525252525253,
      340.529786263334
    ],
    [
      865.1111111111111,
      347.6254926574702
    ],
    [
      869.969696969697,
      354.8544926319057
    ],
    [
      874.8282828282829,
      362.2167861866411
    ],
    [
      879.6868686868687,
      369.7123733216757
    ],
    [
      884.5454545454545,
      377.3412540370098
    ],
    [
      889.4040404040404,
      385.10342833264315
    ],
    [
      894.2626262626263,
      392.9988962085765
    ],
    [
      899.1212121212122,
      401.0276576648089
    ],
    [
      903.979797979798,
      409.1897127013409
    ],
    [
      908.8383838383838,
      417.48506131817226
    ],
    [
      913.6969696969697,
      425.91370351530315
    ],
    [
      918.5555555555557,
      434.47563929273383
    ],
    [
      923.4141414141415,
      443.1708686504637
    ],
    [
      928.2727272727273,
      451.99939158849304
    ],
    [
      933.1313131313132,
      460.9612081068218
    ],
    [
      937.9898989898991,
      470.05631820545034
    ],
    [
      942.8484848484849,
      479.28472188437775
    ],
    [
      947.7070707070707,
      488.64641914360493
    ],
    [
      952.5656565656566,
      498.141409983132
    ],
    [
      957.4242424242425,
      507.76969440295807
    ],
    [
      962.2828282828284,
      517.5312724030841
    ],
    [
      967.1414141414142,
      527.4261439835093
    ],
    [
      972.0,
      537.4543091442334
    ]
  ],
  "parabola_params": [
    0.002823315901373102,
    -3.410799744002023,
    1185.3279697513153
  ]
}