{"original_points": [[971, 681], [1018, 590], [1018, 585], [1015, 572], [1011, 554], [998, 517], [989, 489], [976, 460], [965, 432], [951, 403], [938, 379], [970, 667], [924, 354], [909, 329], [895, 309], [882, 290], [869, 272], [850, 257], [836, 242], [821, 229], [806, 220], [787, 213], [973, 654], [771, 206], [754, 200], [734, 199], [716, 198], [698, 203], [680, 207], [661, 211], [641, 220], [619, 232], [600, 248]], "parabola_params": [0.004445151103819684, -6.461712657734145, 2537.7656867773735], "trajectory": [[1018, 566], [1015, 558], [1011, 548], [998, 516], [989, 495], [976, 465], [965, 441], [951, 412], [938, 387], [909, 337], [895, 315], [882, 296], [869, 279], [850, 256], [836, 242], [821, 228], [806, 217], [787, 205], [754, 192], [734, 189], [716, 190], [698, 193], [680, 199], [661, 208], [641, 222], [619, 241], [600, 260]]}