{"original_points": [[106, 397], [967, 339], [955, 315], [943, 291], [932, 273], [919, 254], [903, 240], [891, 223], [878, 212], [865, 201], [850, 193], [837, 185], [823, 179], [807, 177], [794, 175], [780, 177], [762, 179], [747, 184], [731, 191], [715, 203], [698, 215], [1047, 544], [681, 228], [663, 246], [645, 265], [627, 287], [612, 311], [593, 339]], "parabola_params": [0.00037289760623335493, -0.6047355405530295, 460.3508175207301], "trajectory": [[106, 400], [919, 219], [903, 218], [891, 217], [878, 216], [865, 216], [850, 215], [837, 215], [731, 217], [715, 218], [698, 219], [663, 223], [645, 225]]}