{
  "original_points": [
    [
      955,
      681
    ],
    [
      1007,
      588
    ],
    [
      1007,
      584
    ],
    [
      1004,
      575
    ],
    [
      998,
      556
    ],
    [
      990,
      525
    ],
    [
      974,
      492
    ],
    [
      961,
      461
    ],
    [
      945,
      430
    ],
    [
      929,
      399
    ],
    [
      917,
      372
    ],
    [
      957,
      667
    ],
    [
      898,
      345
    ],
    [
      882,
      321
    ],
    [
      866,
      299
    ],
    [
      849,
      280
    ],
    [
      834,
      258
    ],
    [
      817,
      240
    ],
    [
      799,
      226
    ],
    [
      781,
      211
    ],
    [
      761,
      198
    ],
    [
      742,
      191
    ],
    [
      960,
      652
    ],
    [
      723,
      183
    ],
    [
      704,
      178
    ],
    [
      684,
      171
    ],
    [
      663,
      170
    ],
    [
      643,
      171
    ],
    [
      619,
      174
    ],
    [
      599,
      181
    ],
    [
      577,
      188
    ],
    [
      553,
      195
    ],
    [
      528,
      211
    ],
    [
      962,
      630
    ],
    [
      504,
      225
    ],
    [
      482,
      243
    ]
  ],
  "trajectory": [
    [
      482.0,
      260.234450069604
    ],
    [
      487.3030303030303,
      253.9457680973003
    ],
    [
      492.6060606060606,
      247.85776140058738
    ],
    [
      497.90909090909093,
      241.97042997946528
    ],
    [
      503.2121212121212,
      236.283773833934
    ],
    [
      508.5151515151515,
      230.79779296399352
    ],
    [
      513.8181818181819,
      225.51248736964408
    ],
    [
      519.1212121212121,
      220.42785705088522
    ],
    [
      524.4242424242424,
      215.54390200771763
    ],
    [
      529.7272727272727,
      210.86062224014063
    ],
    [
      535.030303030303,
      206.37801774815466
    ],
    [
      540.3333333333334,
      202.09608853175928
    ],
    [
      545.6363636363636,
      198.01483459095516
    ],
    [
      550.939393939394,
      194.13425592574163
    ],
    [
      556.2424242424242,
      190.45435253611913
    ],
    [
      561.5454545454545,
      186.97512442208722
    ],
    [
      566.8484848484849,
      183.69657158364612
    ],
    [
      572.1515151515151,
      180.61869402079628
    ],
    [
      577.4545454545455,
      177.74149173353703
    ],
    [
      582.7575757575758,
      175.06496472186882
    ],
    [
      588.060606060606,
      172.5891129857912
    ],
    [
      593.3636363636364,
      170.31393652530437
    ],
    [
      598.6666666666666,
      168.23943534040882
    ],
    [
      603.969696969697,
      166.36560943110385
    ],
    [
      609.2727272727273,
      164.69245879738992
    ],
    [
      614.5757575757575,
      163.21998343926657
    ],
    [
      619.8787878787879,
      161.94818335673426
    ],
    [
      625.1818181818182,
      160.87705854979276
    ],
    [
      630.4848484848485,
      160.00660901844208
    ],
    [
      635.7878787878788,
      159.33683476268243
    ],
    [
      641.0909090909091,
      158.86773578251336
    ],
    [
      646.3939393939394,
      158.59931207793556
    ],
    [
      651.6969696969697,
      158.53156364894812
    ],
    [
      657.0,
      158.66449049555172
    ],
    [
      662.3030303030303,
      158.99809261774635
    ],
    [
      667.6060606060606,
      159.53237001553157
    ],
    [
      672.9090909090909,
      160.26732268890805
    ],
    [
      678.2121212121212,
      161.2029506378749
    ],
    [
      683.5151515151515,
      162.33925386243277
    ],
    [
      688.8181818181818,
      163.6762323625817
    ],
    [
      694.1212121212121,
      165.2138861383214
    ],
    [
      699.4242424242424,
      166.95221518965195
    ],
    [
      704.7272727272727,
      168.8912195165733
    ],
    [
      710.030303030303,
      171.0308991190857
    ],
    [
      715.3333333333333,
      173.37125399718866
    ],
    [
      720.6363636363636,
      175.91228415088244
    ],
    [
      725.939393939394,
      178.6539895801675
    ],
    [
      731.2424242424242,
      181.5963702850429
    ],
    [
      736.5454545454545,
      184.73942626550956
    ],
    [
      741.8484848484848,
      188.08315752156682
    ],
    [
      747.1515151515151,
      191.62756405321488
    ],
    [
      752.4545454545455,
      195.3726458604542
    ],
    [
      757.7575757575758,
      199.31840294328413
    ],
    [
      763.060606060606,
      203.46483530170508
    ],
    [
      768.3636363636364,
      207.81194293571662
    ],
    [
      773.6666666666666,
      212.3597258453192
    ],
    [
      778.969696969697,
      217.10818403051258
    ],
    [
      784.2727272727273,
      222.05731749129654
    ],
    [
      789.5757575757575,
      227.20712622767178
    ],
    [
      794.8787878787879,
      232.55761023963782
    ],
    [
      800.1818181818182,
      238.1087695271949
    ],
    [
      805.4848484848485,
      243.86060409034235
    ],
    [
      810.7878787878788,
      249.8131139290806
    ],
    [
      816.090909090909,
      255.96629904341012
    ],
    [
      821.3939393939394,
      262.3201594333302
    ],
    [
      826.6969696969697,
      268.8746950988418
    ],
    [
      832.0,
      275.62990603994353
    ],
    [
      837.3030303030303,
      282.5857922566363
    ],
    [
      842.6060606060605,
      289.74235374891987
    ],
    [
      847.9090909090909,
      297.09959051679425
    ],
    [
      853.2121212121212,
      304.6575025602601
    ],
    [
      858.5151515151515,
      312.4160898793159
    ],
    [
      863.8181818181818,
      320.3753524739632
    ],
    [
      869.1212121212121,
      328.53529034420126
    ],
    [
      874.4242424242424,
      336.8959034900297
    ],
    [
      879.7272727272727,
      345.45719191144985
    ],
    [
      885.030303030303,
      354.2191556084599
    ],
    [
      890.3333333333333,
      363.18179458106147
    ],
    [
      895.6363636363636,
      372.34510882925383
    ],
    [
      900.939393939394,
      381.7090983530368
    ],
    [
      906.2424242424242,
      391.273763152411
    ],
    [
      911.5454545454545,
      401.03910322737534
    ],
    [
      916.8484848484848,
      411.00511857793117
    ],
    [
      922.1515151515151,
      421.1718092040778
    ],
    [
      927.4545454545455,
      431.53917510581505
    ],
    [
      932.7575757575758,
      442.10721628314354
    ],
    [
      938.060606060606,
      452.8759327360624
    ],
    [
      943.3636363636363,
      463.8453244645723
    ],
    [
      948.6666666666666,
      475.0153914686732
    ],
    [
      953.969696969697,
      486.3861337483652
    ],
    [
      959.2727272727273,
      497.9575513036475
    ],
    [
      964.5757575757575,
      509.72964413452064
    ],
    [
      969.8787878787879,
      521.7024122409853
    ],
    [
      975.1818181818181,
      533.87585562304
    ],
    [
      980.4848484848485,
      546.2499742806865
    ],
    [
      985.7878787878788,
      558.8247682139229
    ],
    [
      991.090909090909,
      571.6002374227508
    ],
    [
      996.3939393939394,
      584.5763819071692
    ],
    [
      1001.6969696969696,
      597.7532016671782
    ],
    [
      1007.0,
      611.130696702779
    ]
  ],
  "parabola_params": [
    0.003567924491729694,
    -4.644265765074705,
    1669.8560592190022
  ]
}