{"original_points": [[955, 681], [1007, 588], [1007, 584], [1004, 575], [998, 556], [990, 525], [974, 492], [961, 461], [945, 430], [929, 399], [917, 372], [957, 667], [898, 345], [882, 321], [866, 299], [849, 280], [834, 258], [817, 240], [799, 226], [781, 211], [761, 198], [742, 191], [960, 652], [723, 183], [704, 178], [684, 171], [663, 170], [643, 171], [619, 174], [599, 181], [577, 188], [553, 195], [528, 211], [962, 630], [504, 225], [482, 243]], "parabola_params": [0.003291897675899557, -4.320180622687938, 1578.9979107064478], "trajectory": [[1007, 566], [1004, 559], [998, 546], [990, 528], [974, 494], [961, 467], [945, 436], [929, 406], [917, 385], [882, 329], [866, 306], [849, 283], [834, 265], [817, 246], [799, 228], [781, 212], [761, 197], [742, 185], [704, 169], [684, 164], [663, 161], [643, 162], [619, 166], [599, 172], [577, 182], [553, 196], [528, 215], [482, 261]]}