{"original_points": [[968, 594], [922, 430], [908, 402], [895, 375], [881, 350], [868, 326], [851, 304], [835, 285], [823, 265], [807, 248], [792, 234], [972, 592], [776, 218], [760, 209], [741, 196], [724, 191], [709, 186], [690, 184], [672, 182], [653, 183], [633, 187], [611, 192], [105, 388], [591, 202], [568, 213], [546, 226], [522, 240], [516, 236], [514, 211], [514, 193], [511, 180], [508, 165], [507, 154], [105, 388], [505, 144], [503, 140], [501, 136], [500, 134], [496, 138], [494, 140], [491, 153], [492, 158], [495, 167], [497, 177], [105, 388], [500, 190], [501, 206], [504, 224], [506, 243]], "parabola_params": [0.0021785184571304628, -2.575792750452944, 922.4937619521137], "trajectory": [[908, 379], [895, 362], [881, 344], [868, 328], [851, 308], [835, 290], [823, 278], [807, 262], [792, 248], [760, 223], [741, 210], [724, 199], [709, 191], [690, 182], [672, 175], [653, 169], [633, 164], [611, 161], [514, 174], [514, 174], [511, 175], [508, 176], [507, 176], [491, 182], [492, 182], [495, 181], [497, 180], [501, 178]]}