{
  "original_points": [
    [
      1012,
      687
    ],
    [
      1058,
      589
    ],
    [
      1057,
      582
    ],
    [
      1039,
      535
    ],
    [
      1031,
      504
    ],
    [
      1018,
      470
    ],
    [
      1008,
      440
    ],
    [
      993,
      411
    ],
    [
      979,
      385
    ],
    [
      967,
      356
    ],
    [
      1012,
      670
    ],
    [
      951,
      332
    ],
    [
      939,
      308
    ],
    [
      924,
      285
    ],
    [
      909,
      265
    ],
    [
      894,
      251
    ],
    [
      878,
      230
    ],
    [
      864,
      216
    ],
    [
      848,
      205
    ],
    [
      833,
      192
    ],
    [
      815,
      183
    ],
    [
      1015,
      655
    ],
    [
      799,
      177
    ],
    [
      782,
      171
    ],
    [
      763,
      166
    ],
    [
      747,
      165
    ],
    [
      726,
      164
    ],
    [
      708,
      169
    ],
    [
      689,
      174
    ],
    [
      668,
      183
    ],
    [
      650,
      193
    ],
    [
      626,
      205
    ],
    [
      1018,
      637
    ],
    [
      605,
      222
    ],
    [
      585,
      237
    ],
    [
      1024,
      623
    ],
    [
      1039,
      600
    ],
    [
      1045,
      594
    ],
    [
      649,
      193
    ],
    [
      626,
      205
    ],
    [
      604,
      222
    ],
    [
      585,
      238
    ]
  ],
  "trajectory": [
    [
      585.0,
      255.44841025431697
    ],
    [
      589.7777777777778,
      248.81252033188684
    ],
    [
      594.5555555555555,
      242.39033170113862
    ],
    [
      599.3333333333334,
      236.18184436207093
    ],
    [
      604.1111111111111,
      230.18705831468378
    ],
    [
      608.8888888888889,
      224.40597355897808
    ],
    [
      613.6666666666666,
      218.83859009495336
    ],
    [
      618.4444444444445,
      213.48490792260964
    ],
    [
      623.2222222222222,
      208.3449270419469
    ],
    [
      628.0,
      203.4186474529647
    ],
    [
      632.7777777777778,
      198.7060691556635
    ],
    [
      637.5555555555555,
      194.20719215004374
    ],
    [
      642.3333333333334,
      189.92201643610497
    ],
    [
      647.1111111111111,
      185.85054201384673
    ],
    [
      651.8888888888889,
      181.9927688832695
    ],
    [
      656.6666666666666,
      178.34869704437324
    ],
    [
      661.4444444444445,
      174.91832649715798
    ],
    [
      666.2222222222222,
      171.70165724162416
    ],
    [
      671.0,
      168.69868927777088
    ],
    [
      675.7777777777778,
      165.9094226055986
    ],
    [
      680.5555555555555,
      163.3338572251073
    ],
    [
      685.3333333333334,
      160.971993136297
    ],
    [
      690.1111111111111,
      158.82383033916767
    ],
    [
      694.8888888888889,
      156.88936883371935
    ],
    [
      699.6666666666666,
      155.168608619952
    ],
    [
      704.4444444444445,
      153.66154969786567
    ],
    [
      709.2222222222222,
      152.36819206745986
    ],
    [
      714.0,
      151.2885357287355
    ],
    [
      718.7777777777778,
      150.42258068169212
    ],
    [
      723.5555555555555,
      149.7703269263293
    ],
    [
      728.3333333333334,
      149.3317744626479
    ],
    [
      733.1111111111111,
      149.10692329064705
    ],
    [
      737.8888888888889,
      149.09577341032764
    ],
    [
      742.6666666666666,
      149.29832482168877
    ],
    [
      747.4444444444445,
      149.71457752473134
    ],
    [
      752.2222222222222,
      150.344531519454
    ],
    [
      757.0,
      151.1881868058581
    ],
    [
      761.7777777777778,
      152.24554338394364
    ],
    [
      766.5555555555555,
      153.51660125370972
    ],
    [
      771.3333333333334,
      155.0013604151568
    ],
    [
      776.1111111111111,
      156.69982086828486
    ],
    [
      780.8888888888889,
      158.61198261309391
    ],
    [
      785.6666666666666,
      160.73784564958396
    ],
    [
      790.4444444444445,
      163.077409977755
    ],
    [
      795.2222222222222,
      165.63067559760702
    ],
    [
      800.0,
      168.3976425091396
    ],
    [
      804.7777777777778,
      171.3783107123536
    ],
    [
      809.5555555555555,
      174.5726802072486
    ],
    [
      814.3333333333333,
      177.98075099382413
    ],
    [
      819.1111111111111,
      181.6025230720811
    ],
    [
      823.8888888888889,
      185.43799644201908
    ],
    [
      828.6666666666666,
      189.4871711036376
    ],
    [
      833.4444444444445,
      193.75004705693755
    ],
    [
      838.2222222222222,
      198.22662430191804
    ],
    [
      843.0,
      202.91690283857952
    ],
    [
      847.7777777777778,
      207.82088266692244
    ],
    [
      852.5555555555555,
      212.93856378694545
    ],
    [
      857.3333333333333,
      218.26994619865036
    ],
    [
      862.1111111111111,
      223.81502990203535
    ],
    [
      866.8888888888889,
      229.57381489710224
    ],
    [
      871.6666666666667,
      235.5463011838492
    ],
    [
      876.4444444444445,
      241.73248876227763
    ],
    [
      881.2222222222222,
      248.13237763238703
    ],
    [
      886.0,
      254.7459677941779
    ],
    [
      890.7777777777778,
      261.5732592476488
    ],
    [
      895.5555555555555,
      268.6142519928012
    ],
    [
      900.3333333333333,
      275.8689460296341
    ],
    [
      905.1111111111111,
      283.337341358148
    ],
    [
      909.8888888888889,
      291.01943797834383
    ],
    [
      914.6666666666667,
      298.9152358902197
    ],
    [
      919.4444444444445,
      307.0247350937766
    ],
    [
      924.2222222222222,
      315.34793558901447
    ],
    [
      929.0,
      323.88483737593424
    ],
    [
      933.7777777777778,
      332.63544045453364
    ],
    [
      938.5555555555555,
      341.5997448248145
    ],
    [
      943.3333333333333,
      350.77775048677677
    ],
    [
      948.1111111111111,
      360.16945744042005
    ],
    [
      952.8888888888889,
      369.7748656857434
    ],
    [
      957.6666666666667,
      379.59397522274867
    ],
    [
      962.4444444444445,
      389.62678605143446
    ],
    [
      967.2222222222222,
      399.87329817180125
    ],
    [
      972.0,
      410.3335115838486
    ],
    [
      976.7777777777778,
      421.0074262875778
    ],
    [
      981.5555555555555,
      431.89504228298756
    ],
    [
      986.3333333333333,
      442.9963595700774
    ],
    [
      991.1111111111111,
      454.31137814884914
    ],
    [
      995.8888888888889,
      465.84009801930233
    ],
    [
      1000.6666666666667,
      477.5825191814356
    ],
    [
      1005.4444444444445,
      489.5386416352503
    ],
    [
      1010.2222222222222,
      501.70846538074557
    ],
    [
      1015.0,
      514.0919904179218
    ],
    [
      1019.7777777777778,
      526.6892167467795
    ],
    [
      1024.5555555555557,
      539.5001443673177
    ],
    [
      1029.3333333333333,
      552.5247732795369
    ],
    [
      1034.111111111111,
      565.7631034834371
    ],
    [
      1038.888888888889,
      579.2151349790188
    ],
    [
      1043.6666666666665,
      592.8808677662805
    ],
    [
      1048.4444444444443,
      606.7603018452241
    ],
    [
      1053.2222222222222,
      620.8534372158479
    ],
    [
      1058.0,
      635.1602738781537
    ]
  ],
  "parabola_params": [
    0.004680855766943853,
    -6.88787252905527,
    2682.9479749092893
  ]
}