{"original_points": [[971, 678], [1023, 579], [1021, 567], [1011, 545], [1002, 510], [989, 482], [976, 451], [962, 420], [945, 392], [930, 366], [972, 660], [915, 341], [900, 315], [884, 292], [867, 273], [850, 255], [834, 237], [818, 223], [796, 210], [780, 203], [760, 189], [976, 638], [742, 183], [723, 182], [704, 179], [682, 178], [662, 181], [640, 185], [617, 191], [595, 201], [573, 213], [548, 226], [982, 620], [520, 241], [990, 605], [999, 594], [1010, 590], [596, 201], [573, 213], [548, 226], [520, 241]], "parabola_params": [0.0035035603231511067, -4.8038574767204, 1813.3875656139357], "trajectory": [[1021, 560], [1011, 537], [1002, 517], [989, 489], [976, 462], [962, 434], [945, 402], [930, 376], [900, 327], [884, 304], [867, 282], [850, 261], [834, 243], [818, 228], [796, 209], [780, 197], [760, 186], [723, 171], [704, 167], [682, 166], [662, 168], [640, 173], [617, 183], [595, 195], [573, 211], [548, 233], [1010, 535], [573, 211], [548, 233], [520, 262]]}