{"original_points": [[990, 694], [1031, 588], [1038, 589], [1039, 588], [1040, 584], [1035, 568], [1026, 549], [1018, 511], [1000, 484], [986, 451], [969, 421], [991, 684], [956, 395], [942, 369], [925, 344], [908, 317], [894, 297], [874, 277], [854, 260], [839, 242], [822, 227], [804, 214], [990, 672], [786, 207], [765, 195], [746, 190], [724, 186], [705, 184], [682, 185], [663, 187], [639, 191], [616, 199], [593, 209], [991, 659], [568, 220], [544, 237]], "parabola_params": [0.003419948344547583, -4.770640977192437, 1838.6607370694103], "trajectory": [[1038, 571], [1039, 573], [1040, 576], [1035, 564], [1026, 544], [1018, 526], [1000, 487], [986, 459], [969, 427], [942, 379], [925, 352], [908, 326], [894, 307], [874, 281], [854, 258], [839, 243], [822, 227], [804, 213], [765, 190], [746, 183], [724, 177], [705, 175], [682, 175], [663, 179], [639, 186], [616, 197], [593, 212], [544, 255]]}