{"original_points": [[948, 691], [980, 588], [986, 587], [991, 587], [991, 585], [987, 576], [105, 390], [970, 532], [958, 496], [945, 466], [932, 438], [946, 681], [918, 411], [903, 384], [888, 358], [875, 334], [107, 390], [843, 294], [829, 278], [812, 260], [796, 248], [779, 236], [945, 667], [761, 224], [741, 215], [726, 210], [708, 208], [689, 205], [670, 204], [651, 207], [631, 211], [612, 217], [592, 231], [946, 655], [567, 238], [106, 389], [950, 638], [951, 623], [961, 609], [967, 597], [107, 391]], "parabola_params": [0.0046227879844445985, -6.402189822342608, 2412.5388153792965], "trajectory": [[986, 594], [932, 461], [903, 400], [888, 372], [875, 349], [829, 282], [812, 261], [796, 245], [779, 230], [741, 206], [726, 201], [708, 197], [689, 195], [670, 198], [651, 203], [631, 213], [612, 225], [592, 242], [967, 544]]}