{
  "original_points": [
    [
      934,
      686
    ],
    [
      987,
      586
    ],
    [
      989,
      581
    ],
    [
      984,
      568
    ],
    [
      977,
      545
    ],
    [
      970,
      514
    ],
    [
      960,
      483
    ],
    [
      946,
      453
    ],
    [
      938,
      426
    ],
    [
      925,
      398
    ],
    [
      917,
      374
    ],
    [
      937,
      672
    ],
    [
      901,
      352
    ],
    [
      894,
      328
    ],
    [
      878,
      307
    ],
    [
      866,
      290
    ],
    [
      853,
      273
    ],
    [
      841,
      257
    ],
    [
      830,
      246
    ],
    [
      814,
      235
    ],
    [
      802,
      226
    ],
    [
      788,
      219
    ],
    [
      938,
      656
    ],
    [
      774,
      214
    ],
    [
      760,
      211
    ],
    [
      745,
      210
    ],
    [
      730,
      212
    ],
    [
      715,
      218
    ],
    [
      700,
      222
    ],
    [
      682,
      231
    ],
    [
      665,
      241
    ],
    [
      651,
      255
    ],
    [
      635,
      268
    ],
    [
      941,
      639
    ],
    [
      618,
      289
    ],
    [
      614,
      309
    ]
  ],
  "trajectory": [
    [
      614.0,
      302.438361212568
    ],
    [
      617.7878787878788,
      296.5429481863862
    ],
    [
      621.5757575757576,
      290.83307564334245
    ],
    [
      625.3636363636364,
      285.30874358343726
    ],
    [
      629.1515151515151,
      279.9699520066706
    ],
    [
      632.939393939394,
      274.8167009130425
    ],
    [
      636.7272727272727,
      269.8489903025529
    ],
    [
      640.5151515151515,
      265.0668201752014
    ],
    [
      644.3030303030303,
      260.4701905309885
    ],
    [
      648.0909090909091,
      256.0591013699136
    ],
    [
      651.8787878787879,
      251.83355269197773
    ],
    [
      655.6666666666666,
      247.79354449717994
    ],
    [
      659.4545454545455,
      243.93907678552068
    ],
    [
      663.2424242424242,
      240.27014955699997
    ],
    [
      667.030303030303,
      236.7867628116178
    ],
    [
      670.8181818181819,
      233.48891654937415
    ],
    [
      674.6060606060606,
      230.37661077026905
    ],
    [
      678.3939393939394,
      227.44984547430204
    ],
    [
      682.1818181818182,
      224.70862066147356
    ],
    [
      685.969696969697,
      222.15293633178362
    ],
    [
      689.7575757575758,
      219.78279248523177
    ],
    [
      693.5454545454545,
      217.5981891218189
    ],
    [
      697.3333333333334,
      215.59912624154413
    ],
    [
      701.1212121212121,
      213.7856038444079
    ],
    [
      704.9090909090909,
      212.1576219304102
    ],
    [
      708.6969696969697,
      210.71518049955012
    ],
    [
      712.4848484848485,
      209.45827955182904
    ],
    [
      716.2727272727273,
      208.3869190872465
    ],
    [
      720.060606060606,
      207.5010991058025
    ],
    [
      723.8484848484849,
      206.80081960749703
    ],
    [
      727.6363636363636,
      206.2860805923301
    ],
    [
      731.4242424242425,
      205.95688206030127
    ],
    [
      735.2121212121212,
      205.81322401141097
    ],
    [
      739.0,
      205.8551064456592
    ],
    [
      742.7878787878788,
      206.08252936304552
    ],
    [
      746.5757575757576,
      206.49549276357084
    ],
    [
      750.3636363636364,
      207.09399664723423
    ],
    [
      754.1515151515151,
      207.87804101403617
    ],
    [
      757.939393939394,
      208.8476258639762
    ],
    [
      761.7272727272727,
      210.00275119705475
    ],
    [
      765.5151515151515,
      211.3434170132723
    ],
    [
      769.3030303030303,
      212.86962331262794
    ],
    [
      773.0909090909091,
      214.5813700951221
    ],
    [
      776.8787878787879,
      216.47865736075482
    ],
    [
      780.6666666666667,
      218.56148510952562
    ],
    [
      784.4545454545455,
      220.8298533414354
    ],
    [
      788.2424242424242,
      223.28376205648328
    ],
    [
      792.030303030303,
      225.9232112546697
    ],
    [
      795.8181818181818,
      228.7482009359942
    ],
    [
      799.6060606060606,
      231.75873110045768
    ],
    [
      803.3939393939394,
      234.95480174805925
    ],
    [
      807.1818181818182,
      238.33641287879982
    ],
    [
      810.969696969697,
      241.90356449267802
    ],
    [
      814.7575757575758,
      245.6562565896952
    ],
    [
      818.5454545454545,
      249.59448916985048
    ],
    [
      822.3333333333334,
      253.71826223314383
    ],
    [
      826.1212121212121,
      258.0275757795762
    ],
    [
      829.9090909090909,
      262.52242980914707
    ],
    [
      833.6969696969697,
      267.2028243218565
    ],
    [
      837.4848484848485,
      272.068759317704
    ],
    [
      841.2727272727273,
      277.12023479669006
    ],
    [
      845.060606060606,
      282.35725075881464
    ],
    [
      848.8484848484849,
      287.77980720407777
    ],
    [
      852.6363636363636,
      293.387904132479
    ],
    [
      856.4242424242425,
      299.1815415440192
    ],
    [
      860.2121212121212,
      305.16071943869747
    ],
    [
      864.0,
      311.3254378165143
    ],
    [
      867.7878787878788,
      317.6756966774692
    ],
    [
      871.5757575757575,
      324.2114960215631
    ],
    [
      875.3636363636364,
      330.93283584879464
    ],
    [
      879.1515151515152,
      337.83971615916516
    ],
    [
      882.939393939394,
      344.9321369526742
    ],
    [
      886.7272727272727,
      352.2100982293214
    ],
    [
      890.5151515151515,
      359.6735999891075
    ],
    [
      894.3030303030303,
      367.32264223203174
    ],
    [
      898.0909090909091,
      375.1572249580945
    ],
    [
      901.8787878787879,
      383.1773481672958
    ],
    [
      905.6666666666667,
      391.38301185963564
    ],
    [
      909.4545454545455,
      399.77421603511357
    ],
    [
      913.2424242424242,
      408.35096069373003
    ],
    [
      917.030303030303,
      417.11324583548503
    ],
    [
      920.8181818181818,
      426.0610714603781
    ],
    [
      924.6060606060606,
      435.19443756841065
    ],
    [
      928.3939393939395,
      444.51334415958036
    ],
    [
      932.1818181818182,
      454.01779123388906
    ],
    [
      935.969696969697,
      463.70777879133584
    ],
    [
      939.7575757575758,
      473.5833068319216
    ],
    [
      943.5454545454545,
      483.6443753556455
    ],
    [
      947.3333333333334,
      493.89098436250833
    ],
    [
      951.1212121212121,
      504.3231338525093
    ],
    [
      954.909090909091,
      514.9408238256487
    ],
    [
      958.6969696969697,
      525.7440542819268
    ],
    [
      962.4848484848485,
      536.7328252213429
    ],
    [
      966.2727272727273,
      547.9071366438975
    ],
    [
      970.060606060606,
      559.2669885495902
    ],
    [
      973.8484848484849,
      570.8123809384224
    ],
    [
      977.6363636363636,
      582.5433138103922
    ],
    [
      981.4242424242425,
      594.4597871655001
    ],
    [
      985.2121212121212,
      606.561801003747
    ],
    [
      989.0,
      618.8493553251324
    ]
  ],
  "parabola_params": [
    0.006465714756408444,
    -9.520778103555896,
    3710.6475164889307
  ]
}