{
  "original_points": [
    [
      977,
      662
    ],
    [
      1018,
      575
    ],
    [
      1012,
      557
    ],
    [
      1000,
      522
    ],
    [
      991,
      492
    ],
    [
      981,
      461
    ],
    [
      969,
      434
    ],
    [
      956,
      403
    ],
    [
      944,
      378
    ],
    [
      932,
      355
    ],
    [
      920,
      330
    ],
    [
      982,
      644
    ],
    [
      906,
      306
    ],
    [
      893,
      286
    ],
    [
      880,
      268
    ],
    [
      868,
      253
    ],
    [
      853,
      236
    ],
    [
      836,
      223
    ],
    [
      822,
      210
    ],
    [
      806,
      201
    ],
    [
      792,
      193
    ],
    [
      776,
      187
    ],
    [
      987,
      627
    ],
    [
      759,
      184
    ],
    [
      743,
      181
    ],
    [
      727,
      182
    ],
    [
      711,
      187
    ],
    [
      691,
      191
    ],
    [
      674,
      195
    ],
    [
      654,
      207
    ],
    [
      636,
      217
    ],
    [
      615,
      232
    ],
    [
      595,
      248
    ]
  ],
  "trajectory": [
    [
      595.0,
      270.63929398620076
    ],
    [
      599.2727272727273,
      264.4624762466574
    ],
    [
      603.5454545454545,
      258.47900586839114
    ],
    [
      607.8181818181819,
      252.68888285140338
    ],
    [
      612.0909090909091,
      247.0921071956932
    ],
    [
      616.3636363636364,
      241.68867890126148
    ],
    [
      620.6363636363636,
      236.47859796810735
    ],
    [
      624.9090909090909,
      231.4618643962308
    ],
    [
      629.1818181818181,
      226.63847818563227
    ],
    [
      633.4545454545455,
      222.00843933631177
    ],
    [
      637.7272727272727,
      217.5717478482693
    ],
    [
      642.0,
      213.3284037215044
    ],
    [
      646.2727272727273,
      209.27840695601708
    ],
    [
      650.5454545454545,
      205.42175755180824
    ],
    [
      654.8181818181818,
      201.75845550887743
    ],
    [
      659.0909090909091,
      198.28850082722374
    ],
    [
      663.3636363636364,
      195.01189350684854
    ],
    [
      667.6363636363636,
      191.92863354775045
    ],
    [
      671.9090909090909,
      189.03872094993085
    ],
    [
      676.1818181818181,
      186.34215571338927
    ],
    [
      680.4545454545455,
      183.83893783812482
    ],
    [
      684.7272727272727,
      181.5290673241393
    ],
    [
      689.0,
      179.41254417143045
    ],
    [
      693.2727272727273,
      177.48936838000054
    ],
    [
      697.5454545454545,
      175.7595399498482
    ],
    [
      701.8181818181818,
      174.22305888097299
    ],
    [
      706.0909090909091,
      172.8799251733767
    ],
    [
      710.3636363636364,
      171.73013882705754
    ],
    [
      714.6363636363636,
      170.77369984201687
    ],
    [
      718.9090909090909,
      170.01060821825376
    ],
    [
      723.1818181818182,
      169.44086395576824
    ],
    [
      727.4545454545455,
      169.0644670545612
    ],
    [
      731.7272727272727,
      168.88141751463172
    ],
    [
      736.0,
      168.89171533597982
    ],
    [
      740.2727272727273,
      169.0953605186064
    ],
    [
      744.5454545454545,
      169.49235306251057
    ],
    [
      748.8181818181818,
      170.0826929676923
    ],
    [
      753.0909090909091,
      170.86638023415253
    ],
    [
      757.3636363636364,
      171.84341486188987
    ],
    [
      761.6363636363636,
      173.0137968509057
    ],
    [
      765.9090909090909,
      174.3775262011991
    ],
    [
      770.1818181818181,
      175.93460291277052
    ],
    [
      774.4545454545455,
      177.68502698561952
    ],
    [
      778.7272727272727,
      179.628798419747
    ],
    [
      783.0,
      181.76591721515206
    ],
    [
      787.2727272727273,
      184.0963833718347
    ],
    [
      791.5454545454545,
      186.62019688979535
    ],
    [
      795.8181818181818,
      189.3373577690345
    ],
    [
      800.090909090909,
      192.2478660095503
    ],
    [
      804.3636363636364,
      195.3517216113455
    ],
    [
      808.6363636363636,
      198.64892457441692
    ],
    [
      812.9090909090909,
      202.13947489876728
    ],
    [
      817.1818181818181,
      205.82337258439566
    ],
    [
      821.4545454545455,
      209.7006176313016
    ],
    [
      825.7272727272727,
      213.77121003948514
    ],
    [
      830.0,
      218.03514980894715
    ],
    [
      834.2727272727273,
      222.49243693968629
    ],
    [
      838.5454545454545,
      227.1430714317039
    ],
    [
      842.8181818181818,
      231.9870532849991
    ],
    [
      847.090909090909,
      237.02438249957186
    ],
    [
      851.3636363636364,
      242.25505907542356
    ],
    [
      855.6363636363636,
      247.67908301255193
    ],
    [
      859.9090909090909,
      253.29645431095878
    ],
    [
      864.1818181818182,
      259.1071729706432
    ],
    [
      868.4545454545455,
      265.1112389916061
    ],
    [
      872.7272727272727,
      271.3086523738466
    ],
    [
      877.0,
      277.6994131173642
    ],
    [
      881.2727272727273,
      284.28352122216074
    ],
    [
      885.5454545454545,
      291.06097668823486
    ],
    [
      889.8181818181818,
      298.0317795155861
    ],
    [
      894.090909090909,
      305.19592970421627
    ],
    [
      898.3636363636364,
      312.55342725412356
    ],
    [
      902.6363636363636,
      320.10427216530934
    ],
    [
      906.9090909090909,
      327.8484644377727
    ],
    [
      911.1818181818182,
      335.78600407151407
    ],
    [
      915.4545454545455,
      343.9168910665335
    ],
    [
      919.7272727272727,
      352.24112542282955
    ],
    [
      924.0,
      360.758707140405
    ],
    [
      928.2727272727273,
      369.4696362192576
    ],
    [
      932.5454545454545,
      378.37391265938777
    ],
    [
      936.8181818181818,
      387.4715364607964
    ],
    [
      941.090909090909,
      396.7625076234831
    ],
    [
      945.3636363636363,
      406.2468261474469
    ],
    [
      949.6363636363636,
      415.9244920326896
    ],
    [
      953.9090909090909,
      425.795505279209
    ],
    [
      958.1818181818182,
      435.85986588700735
    ],
    [
      962.4545454545455,
      446.1175738560828
    ],
    [
      966.7272727272727,
      456.5686291864363
    ],
    [
      971.0,
      467.21303187806825
    ],
    [
      975.2727272727273,
      478.0507819309769
    ],
    [
      979.5454545454545,
      489.08187934516445
    ],
    [
      983.8181818181818,
      500.3063241206296
    ],
    [
      988.090909090909,
      511.72411625737186
    ],
    [
      992.3636363636363,
      523.3352557553931
    ],
    [
      996.6363636363636,
      535.1397426146918
    ],
    [
      1000.9090909090909,
      547.1375768352686
    ],
    [
      1005.1818181818181,
      559.3287584171235
    ],
    [
      1009.4545454545455,
      571.7132873602554
    ],
    [
      1013.7272727272727,
      584.2911636646659
    ],
    [
      1018.0,
      597.0623873303534
    ]
  ],
  "parabola_params": [
    0.005295389478185327,
    -7.769777428444957,
    3018.95660389639
  ]
}