{
  "original_points": [
    [
      916,
      668
    ],
    [
      968,
      590
    ],
    [
      968,
      584
    ],
    [
      965,
      572
    ],
    [
      946,
      518
    ],
    [
      942,
      488
    ],
    [
      928,
      460
    ],
    [
      917,
      432
    ],
    [
      906,
      403
    ],
    [
      894,
      376
    ],
    [
      918,
      656
    ],
    [
      881,
      356
    ],
    [
      869,
      330
    ],
    [
      855,
      306
    ],
    [
      844,
      290
    ],
    [
      832,
      271
    ],
    [
      818,
      254
    ],
    [
      805,
      244
    ],
    [
      792,
      232
    ],
    [
      777,
      221
    ],
    [
      763,
      214
    ],
    [
      921,
      640
    ],
    [
      748,
      208
    ],
    [
      733,
      206
    ],
    [
      716,
      202
    ],
    [
      702,
      205
    ],
    [
      686,
      208
    ],
    [
      668,
      212
    ],
    [
      652,
      218
    ],
    [
      634,
      227
    ],
    [
      614,
      239
    ],
    [
      598,
      255
    ]
  ],
  "trajectory": [
    [
      598.0,
      265.01770143678004
    ],
    [
      601.7373737373738,
      260.229380032622
    ],
    [
      605.4747474747475,
      255.6093486739801
    ],
    [
      609.2121212121212,
      251.1576073608544
    ],
    [
      612.9494949494949,
      246.87415609324398
    ],
    [
      616.6868686868687,
      242.7589948711502
    ],
    [
      620.4242424242424,
      238.8121236945717
    ],
    [
      624.1616161616162,
      235.0335425635094
    ],
    [
      627.89898989899,
      231.42325147796282
    ],
    [
      631.6363636363636,
      227.98125043793289
    ],
    [
      635.3737373737374,
      224.70753944341868
    ],
    [
      639.1111111111111,
      221.6021184944193
    ],
    [
      642.8484848484849,
      218.66498759093702
    ],
    [
      646.5858585858585,
      215.89614673297092
    ],
    [
      650.3232323232323,
      213.29559592051965
    ],
    [
      654.060606060606,
      210.863335153585
    ],
    [
      657.7979797979798,
      208.5993644321661
    ],
    [
      661.5353535353536,
      206.5036837562634
    ],
    [
      665.2727272727273,
      204.57629312587642
    ],
    [
      669.010101010101,
      202.81719254100562
    ],
    [
      672.7474747474747,
      201.22638200165056
    ],
    [
      676.4848484848485,
      199.8038615078117
    ],
    [
      680.2222222222222,
      198.5496310594881
    ],
    [
      683.959595959596,
      197.46369065668068
    ],
    [
      687.6969696969697,
      196.54604029938946
    ],
    [
      691.4343434343434,
      195.79667998761397
    ],
    [
      695.1717171717172,
      195.21560972135467
    ],
    [
      698.9090909090909,
      194.8028295006111
    ],
    [
      702.6464646464647,
      194.5583393253837
    ],
    [
      706.3838383838383,
      194.48213919567206
    ],
    [
      710.1212121212121,
      194.5742291114766
    ],
    [
      713.8585858585859,
      194.83460907279687
    ],
    [
      717.5959595959596,
      195.26327907963332
    ],
    [
      721.3333333333334,
      195.8602391319855
    ],
    [
      725.070707070707,
      196.62548922985343
    ],
    [
      728.8080808080808,
      197.55902937323708
    ],
    [
      732.5454545454545,
      198.66085956213692
    ],
    [
      736.2828282828283,
      199.93097979655295
    ],
    [
      740.0202020202021,
      201.36939007648516
    ],
    [
      743.7575757575758,
      202.9760904019331
    ],
    [
      747.4949494949495,
      204.75108077289678
    ],
    [
      751.2323232323232,
      206.69436118937665
    ],
    [
      754.969696969697,
      208.80593165137225
    ],
    [
      758.7070707070707,
      211.08579215888358
    ],
    [
      762.4444444444445,
      213.53394271191155
    ],
    [
      766.1818181818182,
      216.15038331045525
    ],
    [
      769.9191919191919,
      218.93511395451424
    ],
    [
      773.6565656565656,
      221.8881346440894
    ],
    [
      777.3939393939394,
      225.0094453791803
    ],
    [
      781.1313131313132,
      228.29904615978785
    ],
    [
      784.8686868686868,
      231.75693698591067
    ],
    [
      788.6060606060606,
      235.38311785755013
    ],
    [
      792.3434343434344,
      239.17758877470533
    ],
    [
      796.0808080808081,
      243.14034973737625
    ],
    [
      799.8181818181818,
      247.27140074556291
    ],
    [
      803.5555555555555,
      251.57074179926622
    ],
    [
      807.2929292929293,
      256.03837289848525
    ],
    [
      811.030303030303,
      260.67429404321956
    ],
    [
      814.7676767676768,
      265.4785052334705
    ],
    [
      818.5050505050506,
      270.45100646923675
    ],
    [
      822.2424242424242,
      275.59179775051916
    ],
    [
      825.9797979797979,
      280.90087907731777
    ],
    [
      829.7171717171717,
      286.3782504496321
    ],
    [
      833.4545454545455,
      292.0239118674631
    ],
    [
      837.1919191919192,
      297.8378633308089
    ],
    [
      840.929292929293,
      303.8201048396718
    ],
    [
      844.6666666666667,
      309.97063639404996
    ],
    [
      848.4040404040404,
      316.28945799394387
    ],
    [
      852.1414141414141,
      322.77656963935397
    ],
    [
      855.8787878787879,
      329.43197133028025
    ],
    [
      859.6161616161617,
      336.25566306672226
    ],
    [
      863.3535353535353,
      343.24764484868047
    ],
    [
      867.0909090909091,
      350.4079166761535
    ],
    [
      870.8282828282829,
      357.7364785491436
    ],
    [
      874.5656565656566,
      365.233330467649
    ],
    [
      878.3030303030303,
      372.8984724316706
    ],
    [
      882.040404040404,
      380.7319044412088
    ],
    [
      885.7777777777778,
      388.73362649626233
    ],
    [
      889.5151515151515,
      396.90363859683157
    ],
    [
      893.2525252525252,
      405.241940742917
    ],
    [
      896.9898989898991,
      413.74853293451906
    ],
    [
      900.7272727272727,
      422.4234151716364
    ],
    [
      904.4646464646464,
      431.2665874542695
    ],
    [
      908.2020202020202,
      440.27804978241875
    ],
    [
      911.939393939394,
      449.4578021560833
    ],
    [
      915.6767676767677,
      458.8058445752645
    ],
    [
      919.4141414141413,
      468.3221770399614
    ],
    [
      923.1515151515152,
      478.00679955017495
    ],
    [
      926.8888888888889,
      487.8597121059038
    ],
    [
      930.6262626262626,
      497.88091470714835
    ],
    [
      934.3636363636364,
      508.07040735390956
    ],
    [
      938.1010101010102,
      518.4281900461865
    ],
    [
      941.8383838383838,
      528.9542627839787
    ],
    [
      945.5757575757575,
      539.6486255672871
    ],
    [
      949.3131313131313,
      550.5112783961122
    ],
    [
      953.0505050505051,
      561.542221270453
    ],
    [
      956.7878787878788,
      572.741454190309
    ],
    [
      960.5252525252525,
      584.1089771556808
    ],
    [
      964.2626262626263,
      595.6447901665697
    ],
    [
      968.0,
      607.3488932229739
    ]
  ],
  "parabola_params": [
    0.006024144397741915,
    -8.508590689603857,
    3198.8968006097866
  ]
}