{
  "original_points": [
    [
      971,
      681
    ],
    [
      1018,
      590
    ],
    [
      1018,
      585
    ],
    [
      1015,
      572
    ],
    [
      1011,
      554
    ],
    [
      998,
      517
    ],
    [
      989,
      489
    ],
    [
      976,
      460
    ],
    [
      965,
      432
    ],
    [
      951,
      403
    ],
    [
      938,
      379
    ],
    [
      970,
      667
    ],
    [
      924,
      354
    ],
    [
      909,
      329
    ],
    [
      895,
      309
    ],
    [
      882,
      290
    ],
    [
      869,
      272
    ],
    [
      850,
      257
    ],
    [
      836,
      242
    ],
    [
      821,
      229
    ],
    [
      806,
      220
    ],
    [
      787,
      213
    ],
    [
      973,
      654
    ],
    [
      771,
      206
    ],
    [
      754,
      200
    ],
    [
      734,
      199
    ],
    [
      716,
      198
    ],
    [
      698,
      203
    ],
    [
      680,
      207
    ],
    [
      661,
      211
    ],
    [
      641,
      220
    ],
    [
      619,
      232
    ],
    [
      600,
      248
    ]
  ],
  "trajectory": [
    [
      600.0,
      259.9333625596214
    ],
    [
      604.2222222222222,
      255.1228801179127
    ],
    [
      608.4444444444445,
      250.48088710875254
    ],
    [
      612.6666666666666,
      246.00738353214183
    ],
    [
      616.8888888888889,
      241.70236938807966
    ],
    [
      621.1111111111111,
      237.5658446765674
    ],
    [
      625.3333333333334,
      233.59780939760412
    ],
    [
      629.5555555555555,
      229.79826355118985
    ],
    [
      633.7777777777778,
      226.16720713732502
    ],
    [
      638.0,
      222.7046401560092
    ],
    [
      642.2222222222222,
      219.41056260724235
    ],
    [
      646.4444444444445,
      216.28497449102497
    ],
    [
      650.6666666666666,
      213.32787580735658
    ],
    [
      654.8888888888889,
      210.53926655623764
    ],
    [
      659.1111111111111,
      207.9191467376677
    ],
    [
      663.3333333333334,
      205.4675163516472
    ],
    [
      667.5555555555555,
      203.18437539817523
    ],
    [
      671.7777777777778,
      201.06972387725318
    ],
    [
      676.0,
      199.12356178887967
    ],
    [
      680.2222222222222,
      197.3458891330556
    ],
    [
      684.4444444444445,
      195.73670590978054
    ],
    [
      688.6666666666666,
      194.29601211905492
    ],
    [
      692.8888888888889,
      193.0238077608783
    ],
    [
      697.1111111111111,
      191.92009283525113
    ],
    [
      701.3333333333334,
      190.98486734217295
    ],
    [
      705.5555555555555,
      190.21813128164376
    ],
    [
      709.7777777777778,
      189.61988465366403
    ],
    [
      714.0,
      189.1901274582333
    ],
    [
      718.2222222222222,
      188.928859695352
    ],
    [
      722.4444444444445,
      188.83608136501925
    ],
    [
      726.6666666666666,
      188.9117924672364
    ],
    [
      730.8888888888889,
      189.1559930020021
    ],
    [
      735.1111111111111,
      189.5686829693177
    ],
    [
      739.3333333333334,
      190.14986236918185
    ],
    [
      743.5555555555555,
      190.89953120159544
    ],
    [
      747.7777777777778,
      191.81768946655802
    ],
    [
      752.0,
      192.90433716407006
    ],
    [
      756.2222222222222,
      194.1594742941311
    ],
    [
      760.4444444444445,
      195.58310085674157
    ],
    [
      764.6666666666666,
      197.17521685190104
    ],
    [
      768.8888888888889,
      198.93582227960906
    ],
    [
      773.1111111111111,
      200.86491713986743
    ],
    [
      777.3333333333334,
      202.9625014326739
    ],
    [
      781.5555555555555,
      205.22857515803025
    ],
    [
      785.7777777777778,
      207.6631383159356
    ],
    [
      790.0,
      210.26619090638997
    ],
    [
      794.2222222222222,
      213.03773292939331
    ],
    [
      798.4444444444445,
      215.97776438494657
    ],
    [
      802.6666666666667,
      219.08628527304836
    ],
    [
      806.8888888888889,
      222.3632955936996
    ],
    [
      811.1111111111111,
      225.80879534689984
    ],
    [
      815.3333333333334,
      229.42278453264953
    ],
    [
      819.5555555555555,
      233.2052631509482
    ],
    [
      823.7777777777778,
      237.15623120179634
    ],
    [
      828.0,
      241.27568868519302
    ],
    [
      832.2222222222222,
      245.56363560113914
    ],
    [
      836.4444444444445,
      250.0200719496347
    ],
    [
      840.6666666666667,
      254.64499773067928
    ],
    [
      844.8888888888889,
      259.43841294427284
    ],
    [
      849.1111111111111,
      264.40031759041585
    ],
    [
      853.3333333333334,
      269.53071166910786
    ],
    [
      857.5555555555555,
      274.8295951803493
    ],
    [
      861.7777777777778,
      280.29696812413977
    ],
    [
      866.0,
      285.9328305004792
    ],
    [
      870.2222222222222,
      291.73718230936765
    ],
    [
      874.4444444444445,
      297.710023550806
    ],
    [
      878.6666666666667,
      303.85135422479334
    ],
    [
      882.8888888888889,
      310.1611743313297
    ],
    [
      887.1111111111111,
      316.63948387041455
    ],
    [
      891.3333333333333,
      323.28628284204933
    ],
    [
      895.5555555555555,
      330.1015712462331
    ],
    [
      899.7777777777778,
      337.0853490829668
    ],
    [
      904.0,
      344.2376163522481
    ],
    [
      908.2222222222222,
      351.55837305407977
    ],
    [
      912.4444444444445,
      359.04761918846
    ],
    [
      916.6666666666667,
      366.70535475539054
    ],
    [
      920.8888888888889,
      374.53157975486874
    ],
    [
      925.1111111111111,
      382.52629418689685
    ],
    [
      929.3333333333333,
      390.68949805147395
    ],
    [
      933.5555555555555,
      399.0211913486005
    ],
    [
      937.7777777777778,
      407.52137407827604
    ],
    [
      942.0,
      416.1900462405006
    ],
    [
      946.2222222222222,
      425.027207835275
    ],
    [
      950.4444444444445,
      434.032858862598
    ],
    [
      954.6666666666667,
      443.20699932247
    ],
    [
      958.8888888888889,
      452.5496292148914
    ],
    [
      963.1111111111111,
      462.0607485398623
    ],
    [
      967.3333333333333,
      471.74035729738125
    ],
    [
      971.5555555555555,
      481.58845548745103
    ],
    [
      975.7777777777778,
      491.6050431100689
    ],
    [
      980.0,
      501.79012016523666
    ],
    [
      984.2222222222222,
      512.1436866529525
    ],
    [
      988.4444444444445,
      522.6657425732187
    ],
    [
      992.6666666666667,
      533.3562879260335
    ],
    [
      996.8888888888889,
      544.2153227113977
    ],
    [
      1001.1111111111111,
      555.24284692931
    ],
    [
      1005.3333333333334,
      566.4388605797731
    ],
    [
      1009.5555555555555,
      577.8033636627838
    ],
    [
      1013.7777777777778,
      589.3363561783453
    ],
    [
      1018.0,
      601.0378381264545
    ]
  ],
  "parabola_params": [
    0.004725638516787783,
    -6.830043704930974,
    2656.7297194746043
  ]
}