{"original_points": [[951, 685], [999, 585], [1005, 584], [1005, 579], [1004, 570], [997, 549], [988, 517], [979, 488], [965, 459], [952, 427], [942, 399], [952, 678], [930, 374], [916, 349], [904, 324], [891, 302], [877, 280], [862, 264], [850, 249], [836, 233], [822, 219], [807, 210], [956, 661], [794, 201], [777, 194], [762, 189], [747, 187], [730, 187], [713, 190], [697, 192], [677, 199], [662, 207], [643, 217], [960, 645], [622, 226], [604, 247], [589, 258]], "parabola_params": [0.005082792544200632, -7.405837144898802, 2875.2726837491723], "trajectory": [[1005, 566], [1005, 566], [1004, 563], [997, 543], [988, 519], [979, 496], [965, 461], [952, 431], [942, 409], [916, 356], [904, 334], [891, 311], [877, 289], [862, 268], [850, 252], [836, 236], [822, 222], [807, 208], [777, 189], [762, 183], [747, 179], [730, 177], [713, 178], [697, 182], [677, 191], [662, 200], [643, 214], [604, 256], [589, 276]]}