{"original_points": [[930, 687], [996, 584], [993, 577], [979, 535], [971, 498], [958, 470], [948, 438], [937, 407], [925, 380], [912, 354], [932, 671], [899, 325], [887, 303], [873, 280], [861, 264], [849, 246], [836, 231], [822, 219], [807, 209], [795, 197], [781, 190], [933, 654], [765, 185], [751, 181], [734, 182], [720, 180], [704, 183], [687, 191], [672, 197], [656, 209], [639, 221], [622, 236], [939, 632], [604, 256]], "parabola_params": [0.005846507493861818, -8.583228198428458, 3323.6576443980143], "trajectory": [[993, 565], [979, 524], [971, 501], [958, 466], [948, 441], [937, 414], [925, 386], [912, 358], [887, 310], [873, 286], [861, 267], [849, 250], [836, 234], [822, 218], [807, 204], [795, 195], [781, 186], [751, 175], [734, 173], [720, 174], [704, 178], [687, 186], [672, 195], [656, 209], [639, 226], [622, 246]]}