{"original_points": [[928, 689], [976, 592], [981, 588], [982, 578], [979, 563], [971, 538], [960, 508], [944, 476], [932, 450], [920, 420], [930, 678], [904, 394], [890, 369], [878, 346], [861, 321], [846, 304], [829, 286], [813, 268], [799, 255], [781, 241], [764, 234], [931, 664], [746, 223], [729, 216], [711, 214], [692, 210], [674, 209], [655, 209], [634, 214], [615, 222], [594, 232], [572, 240], [935, 652], [938, 631], [943, 617], [952, 607], [960, 598], [969, 593], [594, 232], [572, 240], [572, 240], [572, 240]], "parabola_params": [0.004592030128934388, -6.261954833659709, 2329.5071276864737], "trajectory": [[981, 605], [890, 393], [878, 371], [861, 342], [846, 318], [829, 294], [813, 273], [799, 257], [781, 239], [764, 225], [729, 204], [711, 198], [692, 195], [674, 194], [655, 198], [634, 205], [615, 215], [594, 230], [572, 250], [960, 550], [969, 573], [572, 250], [572, 250], [572, 250]]}