{"original_points": [[942, 681], [105, 389], [991, 570], [985, 549], [972, 518], [962, 484], [945, 455], [934, 425], [920, 397], [906, 370], [892, 345], [942, 664], [875, 324], [861, 301], [848, 281], [831, 263], [818, 247], [801, 234], [784, 221], [767, 210], [750, 205], [732, 197], [951, 627], [713, 192], [697, 191], [678, 191], [658, 193], [638, 196], [618, 207], [597, 215], [576, 227], [552, 241]], "parabola_params": [0.003966430026435709, -5.438837853629017, 2047.8600042588346], "trajectory": [[985, 538], [972, 508], [962, 486], [945, 450], [934, 428], [920, 401], [906, 376], [892, 352], [861, 305], [848, 288], [831, 267], [818, 252], [801, 236], [784, 221], [767, 209], [750, 199], [732, 191], [697, 183], [678, 183], [658, 186], [638, 192], [618, 201], [597, 214], [576, 231], [552, 254]]}