{"original_points": [[957, 680], [1012, 587], [1017, 586], [1011, 575], [998, 537], [987, 506], [974, 474], [964, 447], [949, 417], [933, 390], [958, 666], [921, 367], [903, 344], [890, 319], [875, 302], [858, 285], [844, 266], [829, 253], [812, 241], [796, 232], [781, 224], [961, 651], [762, 217], [744, 212], [727, 211], [690, 215], [670, 217], [653, 226], [632, 234], [611, 249], [594, 262]], "parabola_params": [0.0042356489762144095, -6.0970344074478, 2397.772998524423], "trajectory": [[1017, 577], [1011, 563], [998, 531], [987, 506], [974, 477], [964, 456], [949, 426], [933, 396], [903, 345], [890, 326], [875, 305], [858, 284], [844, 269], [829, 254], [812, 239], [796, 228], [781, 219], [744, 206], [727, 203], [690, 207], [670, 214], [653, 222], [632, 236], [611, 253], [594, 270]]}