{"original_points": [[970, 681], [1021, 586], [1023, 582], [1023, 579], [1011, 546], [999, 512], [986, 483], [972, 452], [955, 423], [942, 395], [970, 665], [927, 369], [910, 343], [894, 320], [878, 302], [861, 282], [844, 263], [829, 250], [809, 237], [792, 225], [773, 216], [974, 653], [756, 208], [734, 207], [715, 200], [697, 200], [676, 203], [656, 206], [634, 213], [614, 220], [591, 233], [567, 243]], "parabola_params": [0.0036170650515513205, -5.070901011632275, 1970.470474803148], "trajectory": [[1023, 568], [1023, 568], [1011, 540], [999, 514], [986, 487], [972, 458], [955, 426], [942, 403], [910, 351], [894, 327], [878, 306], [861, 285], [844, 267], [829, 252], [809, 235], [792, 223], [773, 211], [734, 197], [715, 193], [697, 193], [676, 195], [656, 200], [634, 209], [614, 220], [591, 236], [567, 258]]}