{
  "original_points": [
    [
      908,
      410
    ],
    [
      893,
      382
    ],
    [
      877,
      358
    ],
    [
      861,
      331
    ],
    [
      847,
      309
    ],
    [
      828,
      290
    ],
    [
      811,
      271
    ],
    [
      795,
      254
    ],
    [
      776,
      238
    ],
    [
      759,
      226
    ],
    [
      980,
      584
    ],
    [
      738,
      212
    ],
    [
      722,
      207
    ],
    [
      700,
      201
    ],
    [
      681,
      195
    ],
    [
      661,
      190
    ],
    [
      638,
      191
    ],
    [
      616,
      189
    ],
    [
      595,
      196
    ],
    [
      573,
      201
    ],
    [
      550,
      212
    ],
    [
      981,
      585
    ],
    [
      525,
      224
    ],
    [
      500,
      240
    ]
  ],
  "trajectory": [
    [
      500.0,
      254.46122443850095
    ],
    [
      504.85858585858585,
      249.63833800254497
    ],
    [
      509.7171717171717,
      244.9789857179212
    ],
    [
      514.5757575757576,
      240.4831675846292
    ],
    [
      519.4343434343434,
      236.15088360266918
    ],
    [
      524.2929292929293,
      231.9821337720416
    ],
    [
      529.1515151515151,
      227.97691809274602
    ],
    [
      534.010101010101,
      224.1352365647822
    ],
    [
      538.8686868686868,
      220.4570891881508
    ],
    [
      543.7272727272727,
      216.9424759628514
    ],
    [
      548.5858585858585,
      213.59139688888376
    ],
    [
      553.4444444444445,
      210.40385196624834
    ],
    [
      558.3030303030303,
      207.37984119494513
    ],
    [
      563.1616161616162,
      204.5193645749739
    ],
    [
      568.0202020202021,
      201.82242210633444
    ],
    [
      572.8787878787879,
      199.28901378902765
    ],
    [
      577.7373737373738,
      196.9191396230524
    ],
    [
      582.5959595959596,
      194.71279960840934
    ],
    [
      587.4545454545455,
      192.6699937450985
    ],
    [
      592.3131313131313,
      190.79072203311966
    ],
    [
      597.1717171717172,
      189.0749844724728
    ],
    [
      602.030303030303,
      187.52278106315816
    ],
    [
      606.8888888888889,
      186.13411180517528
    ],
    [
      611.7474747474747,
      184.9089766985246
    ],
    [
      616.6060606060606,
      183.84737574320616
    ],
    [
      621.4646464646464,
      182.9493089392197
    ],
    [
      626.3232323232323,
      182.2147762865652
    ],
    [
      631.1818181818182,
      181.6437777852425
    ],
    [
      636.040404040404,
      181.2363134352522
    ],
    [
      640.89898989899,
      180.99238323659415
    ],
    [
      645.7575757575758,
      180.91198718926785
    ],
    [
      650.6161616161617,
      180.99512529327376
    ],
    [
      655.4747474747475,
      181.24179754861166
    ],
    [
      660.3333333333334,
      181.65200395528177
    ],
    [
      665.1919191919192,
      182.22574451328342
    ],
    [
      670.0505050505051,
      182.96301922261773
    ],
    [
      674.909090909091,
      183.8638280832838
    ],
    [
      679.7676767676768,
      184.9281710952821
    ],
    [
      684.6262626262626,
      186.15604825861237
    ],
    [
      689.4848484848485,
      187.54745957327486
    ],
    [
      694.3434343434344,
      189.10240503926912
    ],
    [
      699.2020202020202,
      190.82088465659558
    ],
    [
      704.0606060606061,
      192.70289842525403
    ],
    [
      708.9191919191919,
      194.7484463452447
    ],
    [
      713.7777777777778,
      196.95752841656736
    ],
    [
      718.6363636363636,
      199.33014463922223
    ],
    [
      723.4949494949495,
      201.86629501320863
    ],
    [
      728.3535353535353,
      204.56597953852747
    ],
    [
      733.2121212121212,
      207.42919821517853
    ],
    [
      738.0707070707072,
      210.45595104316158
    ],
    [
      742.929292929293,
      213.6462380224766
    ],
    [
      747.7878787878788,
      217.00005915312363
    ],
    [
      752.6464646464647,
      220.5174144351024
    ],
    [
      757.5050505050506,
      224.19830386841386
    ],
    [
      762.3636363636364,
      228.04272745305707
    ],
    [
      767.2222222222222,
      232.05068518903227
    ],
    [
      772.0808080808081,
      236.2221770763399
    ],
    [
      776.939393939394,
      240.5572031149793
    ],
    [
      781.7979797979799,
      245.0557633049507
    ],
    [
      786.6565656565657,
      249.71785764625406
    ],
    [
      791.5151515151515,
      254.54348613888965
    ],
    [
      796.3737373737374,
      259.5326487828577
    ],
    [
      801.2323232323233,
      264.68534557815747
    ],
    [
      806.0909090909091,
      270.00157652478924
    ],
    [
      810.9494949494949,
      275.481341622753
    ],
    [
      815.8080808080808,
      281.12464087204876
    ],
    [
      820.6666666666667,
      286.93147427267695
    ],
    [
      825.5252525252525,
      292.9018418246369
    ],
    [
      830.3838383838383,
      299.03574352792884
    ],
    [
      835.2424242424242,
      305.3331793825532
    ],
    [
      840.1010101010102,
      311.7941493885096
    ],
    [
      844.9595959595961,
      318.4186535457977
    ],
    [
      849.8181818181819,
      325.20669185441807
    ],
    [
      854.6767676767677,
      332.1582643143704
    ],
    [
      859.5353535353536,
      339.27337092565494
    ],
    [
      864.3939393939395,
      346.5520116882717
    ],
    [
      869.2525252525253,
      353.9941866022202
    ],
    [
      874.1111111111111,
      361.5998956675005
    ],
    [
      878.969696969697,
      369.36913888411345
    ],
    [
      883.8282828282829,
      377.3019162520584
    ],
    [
      888.6868686868687,
      385.3982277713351
    ],
    [
      893.5454545454545,
      393.658073441944
    ],
    [
      898.4040404040404,
      402.0814532638851
    ],
    [
      903.2626262626263,
      410.6683672371578
    ],
    [
      908.1212121212122,
      419.4188153617631
    ],
    [
      912.979797979798,
      428.3327976377002
    ],
    [
      917.8383838383838,
      437.41031406496927
    ],
    [
      922.6969696969697,
      446.6513646435708
    ],
    [
      927.5555555555557,
      456.0559493735043
    ],
    [
      932.4141414141415,
      465.6240682547691
    ],
    [
      937.2727272727273,
      475.3557212873666
    ],
    [
      942.1313131313132,
      485.25090847129627
    ],
    [
      946.9898989898991,
      495.30962980655795
    ],
    [
      951.8484848484849,
      505.5318852931516
    ],
    [
      956.7070707070707,
      515.9176749310773
    ],
    [
      961.5656565656566,
      526.4669987203351
    ],
    [
      966.4242424242425,
      537.1798566609248
    ],
    [
      971.2828282828284,
      548.0562487528468
    ],
    [
      976.1414141414142,
      559.0961749961007
    ],
    [
      981.0,
      570.2996353906867
    ]
  ],
  "parabola_params": [
    0.0034638470122568855,
    -4.4733287121541405,
    1625.1638274513498
  ]
}