{
  "original_points": [
    [
      1022,
      598
    ],
    [
      1034,
      591
    ],
    [
      1038,
      591
    ],
    [
      1033,
      583
    ],
    [
      1026,
      566
    ],
    [
      1017,
      541
    ],
    [
      1005,
      506
    ],
    [
      991,
      476
    ],
    [
      977,
      448
    ],
    [
      992,
      680
    ],
    [
      963,
      417
    ],
    [
      949,
      395
    ],
    [
      936,
      367
    ],
    [
      920,
      344
    ],
    [
      902,
      320
    ],
    [
      870,
      281
    ],
    [
      854,
      267
    ],
    [
      838,
      253
    ],
    [
      821,
      237
    ],
    [
      991,
      668
    ],
    [
      803,
      227
    ],
    [
      784,
      220
    ],
    [
      765,
      211
    ],
    [
      746,
      206
    ],
    [
      726,
      203
    ],
    [
      705,
      201
    ],
    [
      683,
      204
    ],
    [
      662,
      206
    ],
    [
      640,
      210
    ],
    [
      616,
      218
    ],
    [
      991,
      657
    ],
    [
      595,
      231
    ],
    [
      570,
      239
    ],
    [
      994,
      642
    ],
    [
      998,
      628
    ],
    [
      1003,
      617
    ],
    [
      1012,
      610
    ]
  ],
  "trajectory": [
    [
      570.0,
      257.82940124206425
    ],
    [
      574.7272727272727,
      252.89750723946122
    ],
    [
      579.4545454545455,
      248.14736244334085
    ],
    [
      584.1818181818181,
      243.5789668537036
    ],
    [
      588.9090909090909,
      239.19232047054902
    ],
    [
      593.6363636363636,
      234.98742329387755
    ],
    [
      598.3636363636364,
      230.96427532368875
    ],
    [
      603.0909090909091,
      227.12287655998261
    ],
    [
      607.8181818181819,
      223.4632270027596
    ],
    [
      612.5454545454545,
      219.98532665201924
    ],
    [
      617.2727272727273,
      216.68917550776177
    ],
    [
      622.0,
      213.57477356998697
    ],
    [
      626.7272727272727,
      210.64212083869552
    ],
    [
      631.4545454545455,
      207.8912173138865
    ],
    [
      636.1818181818182,
      205.32206299556037
    ],
    [
      640.9090909090909,
      202.9346578837169
    ],
    [
      645.6363636363636,
      200.72900197835656
    ],
    [
      650.3636363636364,
      198.70509527947888
    ],
    [
      655.0909090909091,
      196.8629377870841
    ],
    [
      659.8181818181819,
      195.20252950117242
    ],
    [
      664.5454545454545,
      193.7238704217434
    ],
    [
      669.2727272727273,
      192.42696054879707
    ],
    [
      674.0,
      191.31179988233362
    ],
    [
      678.7272727272727,
      190.37838842235305
    ],
    [
      683.4545454545455,
      189.62672616885516
    ],
    [
      688.1818181818182,
      189.0568131218406
    ],
    [
      692.9090909090909,
      188.6686492813085
    ],
    [
      697.6363636363636,
      188.46223464725927
    ],
    [
      702.3636363636364,
      188.43756921969293
    ],
    [
      707.0909090909091,
      188.59465299860926
    ],
    [
      711.8181818181818,
      188.93348598400848
    ],
    [
      716.5454545454545,
      189.4540681758906
    ],
    [
      721.2727272727273,
      190.15639957425583
    ],
    [
      726.0,
      191.04048017910372
    ],
    [
      730.7272727272727,
      192.10630999043428
    ],
    [
      735.4545454545455,
      193.35388900824773
    ],
    [
      740.1818181818182,
      194.78321723254408
    ],
    [
      744.9090909090909,
      196.3942946633233
    ],
    [
      749.6363636363636,
      198.1871213005852
    ],
    [
      754.3636363636364,
      200.16169714433045
    ],
    [
      759.0909090909091,
      202.31802219455813
    ],
    [
      763.8181818181819,
      204.65609645126847
    ],
    [
      768.5454545454545,
      207.17591991446193
    ],
    [
      773.2727272727273,
      209.87749258413805
    ],
    [
      778.0,
      212.76081446029707
    ],
    [
      782.7272727272727,
      215.82588554293898
    ],
    [
      787.4545454545455,
      219.072705832064
    ],
    [
      792.1818181818182,
      222.50127532767146
    ],
    [
      796.909090909091,
      226.11159402976205
    ],
    [
      801.6363636363636,
      229.90366193833506
    ],
    [
      806.3636363636364,
      233.8774790533912
    ],
    [
      811.0909090909091,
      238.03304537493
    ],
    [
      815.8181818181819,
      242.37036090295214
    ],
    [
      820.5454545454545,
      246.88942563745672
    ],
    [
      825.2727272727273,
      251.5902395784442
    ],
    [
      830.0,
      256.47280272591433
    ],
    [
      834.7272727272727,
      261.53711507986736
    ],
    [
      839.4545454545455,
      266.7831766403035
    ],
    [
      844.1818181818182,
      272.2109874072221
    ],
    [
      848.909090909091,
      277.82054738062425
    ],
    [
      853.6363636363636,
      283.6118565605086
    ],
    [
      858.3636363636364,
      289.58491494687587
    ],
    [
      863.0909090909091,
      295.739722539726
    ],
    [
      867.8181818181818,
      302.07627933905883
    ],
    [
      872.5454545454545,
      308.59458534487476
    ],
    [
      877.2727272727273,
      315.29464055717335
    ],
    [
      882.0,
      322.1764449759553
    ],
    [
      886.7272727272727,
      329.23999860121944
    ],
    [
      891.4545454545455,
      336.4853014329667
    ],
    [
      896.1818181818182,
      343.91235347119687
    ],
    [
      900.909090909091,
      351.5211547159097
    ],
    [
      905.6363636363636,
      359.3117051671052
    ],
    [
      910.3636363636364,
      367.2840048247838
    ],
    [
      915.0909090909091,
      375.4380536889455
    ],
    [
      919.8181818181818,
      383.77385175958943
    ],
    [
      924.5454545454545,
      392.2913990367165
    ],
    [
      929.2727272727273,
      400.9906955203264
    ],
    [
      934.0,
      409.87174121041926
    ],
    [
      938.7272727272727,
      418.93453610699476
    ],
    [
      943.4545454545455,
      428.17908021005314
    ],
    [
      948.1818181818182,
      437.6053735195949
    ],
    [
      952.909090909091,
      447.21341603561905
    ],
    [
      957.6363636363637,
      457.0032077581259
    ],
    [
      962.3636363636364,
      466.9747486871156
    ],
    [
      967.0909090909091,
      477.1280388225882
    ],
    [
      971.8181818181818,
      487.4630781645433
    ],
    [
      976.5454545454545,
      497.97986671298213
    ],
    [
      981.2727272727273,
      508.6784044679032
    ],
    [
      986.0,
      519.5586914293071
    ],
    [
      990.7272727272727,
      530.620727597194
    ],
    [
      995.4545454545455,
      541.8645129715637
    ],
    [
      1000.1818181818182,
      553.2900475524161
    ],
    [
      1004.909090909091,
      564.8973313397514
    ],
    [
      1009.6363636363637,
      576.6863643335696
    ],
    [
      1014.3636363636364,
      588.6571465338709
    ],
    [
      1019.0909090909091,
      600.8096779406549
    ],
    [
      1023.8181818181819,
      613.1439585539215
    ],
    [
      1028.5454545454545,
      625.6599883736712
    ],
    [
      1033.2727272727273,
      638.3577673999037
    ],
    [
      1038.0,
      651.2372956326187
    ]
  ],
  "parabola_params": [
    0.004066504065167079,
    -5.698323377834487,
    2184.6665558349378
  ]
}