{
  "original_points": [
    [
      942,
      681
    ],
    [
      991,
      570
    ],
    [
      985,
      549
    ],
    [
      972,
      518
    ],
    [
      962,
      484
    ],
    [
      945,
      455
    ],
    [
      934,
      425
    ],
    [
      920,
      397
    ],
    [
      906,
      370
    ],
    [
      892,
      345
    ],
    [
      942,
      664
    ],
    [
      875,
      324
    ],
    [
      861,
      301
    ],
    [
      848,
      281
    ],
    [
      831,
      263
    ],
    [
      818,
      247
    ],
    [
      801,
      234
    ],
    [
      784,
      221
    ],
    [
      767,
      210
    ],
    [
      750,
      205
    ],
    [
      732,
      197
    ],
    [
      951,
      627
    ],
    [
      713,
      192
    ],
    [
      697,
      191
    ],
    [
      678,
      191
    ],
    [
      658,
      193
    ],
    [
      638,
      196
    ],
    [
      618,
      207
    ],
    [
      597,
      215
    ],
    [
      576,
      227
    ],
    [
      552,
      241
    ]
  ],
  "trajectory": [
    [
      552.0,
      258.4263140477394
    ],
    [
      556.4343434343434,
      253.2677309549324
    ],
    [
      560.8686868686868,
      248.28453236484597
    ],
    [
      565.3030303030303,
      243.47671827748036
    ],
    [
      569.7373737373738,
      238.84428869283533
    ],
    [
      574.1717171717172,
      234.38724361091113
    ],
    [
      578.6060606060606,
      230.1055830317075
    ],
    [
      583.040404040404,
      225.99930695522448
    ],
    [
      587.4747474747475,
      222.06841538146227
    ],
    [
      591.9090909090909,
      218.31290831042088
    ],
    [
      596.3434343434343,
      214.73278574210008
    ],
    [
      600.7777777777778,
      211.32804767649986
    ],
    [
      605.2121212121212,
      208.09869411362024
    ],
    [
      609.6464646464647,
      205.0447250534612
    ],
    [
      614.0808080808081,
      202.16614049602322
    ],
    [
      618.5151515151515,
      199.46294044130582
    ],
    [
      622.9494949494949,
      196.935124889309
    ],
    [
      627.3838383838383,
      194.5826938400328
    ],
    [
      631.8181818181818,
      192.40564729347716
    ],
    [
      636.2525252525253,
      190.40398524964257
    ],
    [
      640.6868686868687,
      188.57770770852858
    ],
    [
      645.1212121212121,
      186.92681467013517
    ],
    [
      649.5555555555555,
      185.45130613446236
    ],
    [
      653.989898989899,
      184.15118210151059
    ],
    [
      658.4242424242424,
      183.02644257127895
    ],
    [
      662.8585858585859,
      182.07708754376836
    ],
    [
      667.2929292929293,
      181.30311701897836
    ],
    [
      671.7272727272727,
      180.70453099690894
    ],
    [
      676.1616161616162,
      180.28132947756012
    ],
    [
      680.5959595959596,
      180.03351246093234
    ],
    [
      685.030303030303,
      179.96107994702515
    ],
    [
      689.4646464646464,
      180.06403193583856
    ],
    [
      693.8989898989898,
      180.34236842737255
    ],
    [
      698.3333333333334,
      180.79608942162713
    ],
    [
      702.7676767676768,
      181.42519491860276
    ],
    [
      707.2020202020202,
      182.22968491829897
    ],
    [
      711.6363636363636,
      183.20955942071578
    ],
    [
      716.070707070707,
      184.36481842585317
    ],
    [
      720.5050505050505,
      185.6954619337116
    ],
    [
      724.939393939394,
      187.2014899442902
    ],
    [
      729.3737373737374,
      188.8829024575898
    ],
    [
      733.8080808080808,
      190.73969947361002
    ],
    [
      738.2424242424242,
      192.77188099235082
    ],
    [
      742.6767676767677,
      194.9794470138122
    ],
    [
      747.1111111111111,
      197.36239753799464
    ],
    [
      751.5454545454545,
      199.9207325648972
    ],
    [
      755.9797979797979,
      202.65445209452128
    ],
    [
      760.4141414141413,
      205.56355612686548
    ],
    [
      764.8484848484849,
      208.64804466193027
    ],
    [
      769.2828282828283,
      211.9079176997161
    ],
    [
      773.7171717171717,
      215.34317524022254
    ],
    [
      778.1515151515151,
      218.9538172834491
    ],
    [
      782.5858585858585,
      222.7398438293967
    ],
    [
      787.0202020202021,
      226.70125487806536
    ],
    [
      791.4545454545455,
      230.83805042945437
    ],
    [
      795.8888888888889,
      235.15023048356397
    ],
    [
      800.3232323232323,
      239.6377950403944
    ],
    [
      804.7575757575758,
      244.30074409994563
    ],
    [
      809.1919191919192,
      249.13907766221723
    ],
    [
      813.6262626262626,
      254.15279572720965
    ],
    [
      818.060606060606,
      259.34189829492266
    ],
    [
      822.4949494949494,
      264.7063853653567
    ],
    [
      826.9292929292928,
      270.2462569385111
    ],
    [
      831.3636363636364,
      275.9615130143861
    ],
    [
      835.7979797979798,
      281.8521535929824
    ],
    [
      840.2323232323232,
      287.9181786742988
    ],
    [
      844.6666666666667,
      294.1595882583358
    ],
    [
      849.1010101010102,
      300.57638234509363
    ],
    [
      853.5353535353536,
      307.1685609345725
    ],
    [
      857.969696969697,
      313.9361240267717
    ],
    [
      862.4040404040404,
      320.87907162169154
    ],
    [
      866.8383838383838,
      327.99740371933194
    ],
    [
      871.2727272727273,
      335.2911203196934
    ],
    [
      875.7070707070707,
      342.7602214227752
    ],
    [
      880.1414141414141,
      350.40470702857783
    ],
    [
      884.5757575757575,
      358.22457713710105
    ],
    [
      889.0101010101009,
      366.2198317483453
    ],
    [
      893.4444444444445,
      374.39047086230994
    ],
    [
      897.8787878787879,
      382.7364944789956
    ],
    [
      902.3131313131313,
      391.2579025984012
    ],
    [
      906.7474747474747,
      399.95469522052804
    ],
    [
      911.1818181818182,
      408.8268723453755
    ],
    [
      915.6161616161617,
      417.87443397294396
    ],
    [
      920.0505050505051,
      427.0973801032321
    ],
    [
      924.4848484848485,
      436.4957107362418
    ],
    [
      928.9191919191919,
      446.06942587197227
    ],
    [
      933.3535353535353,
      455.81852551042243
    ],
    [
      937.7878787878788,
      465.7430096515943
    ],
    [
      942.2222222222222,
      475.8428782954859
    ],
    [
      946.6565656565656,
      486.11813144209896
    ],
    [
      951.090909090909,
      496.56876909143284
    ],
    [
      955.5252525252525,
      507.1947912434871
    ],
    [
      959.959595959596,
      517.9961978982622
    ],
    [
      964.3939393939394,
      528.9729890557571
    ],
    [
      968.8282828282828,
      540.1251647159738
    ],
    [
      973.2626262626263,
      551.4527248789107
    ],
    [
      977.6969696969697,
      562.9556695445685
    ],
    [
      982.1313131313132,
      574.6339987129463
    ],
    [
      986.5656565656566,
      586.4877123840456
    ],
    [
      991.0,
      598.5168105578646
    ]
  ],
  "parabola_params": [
    0.004459668409683909,
    -6.10657474222399,
    2270.376768651056
  ]
}