{
  "original_points": [
    [
      957,
      680
    ],
    [
      1012,
      587
    ],
    [
      1017,
      586
    ],
    [
      1011,
      575
    ],
    [
      998,
      537
    ],
    [
      987,
      506
    ],
    [
      974,
      474
    ],
    [
      964,
      447
    ],
    [
      949,
      417
    ],
    [
      933,
      390
    ],
    [
      958,
      666
    ],
    [
      921,
      367
    ],
    [
      903,
      344
    ],
    [
      890,
      319
    ],
    [
      875,
      302
    ],
    [
      858,
      285
    ],
    [
      844,
      266
    ],
    [
      829,
      253
    ],
    [
      812,
      241
    ],
    [
      796,
      232
    ],
    [
      781,
      224
    ],
    [
      961,
      651
    ],
    [
      762,
      217
    ],
    [
      744,
      212
    ],
    [
      727,
      211
    ],
    [
      690,
      215
    ],
    [
      670,
      217
    ],
    [
      653,
      226
    ],
    [
      632,
      234
    ],
    [
      611,
      249
    ],
    [
      594,
      262
    ]
  ],
  "trajectory": [
    [
      594.0,
      267.36283072417564
    ],
    [
      598.2727272727273,
      262.90193813724
    ],
    [
      602.5454545454545,
      258.6036658120797
    ],
    [
      606.8181818181819,
      254.46801374869392
    ],
    [
      611.0909090909091,
      250.4949819470835
    ],
    [
      615.3636363636364,
      246.68457040724752
    ],
    [
      619.6363636363636,
      243.03677912918693
    ],
    [
      623.9090909090909,
      239.55160811290125
    ],
    [
      628.1818181818181,
      236.2290573583905
    ],
    [
      632.4545454545455,
      233.0691268656542
    ],
    [
      636.7272727272727,
      230.07181663469328
    ],
    [
      641.0,
      227.23712666550728
    ],
    [
      645.2727272727273,
      224.56505695809665
    ],
    [
      649.5454545454545,
      222.05560751246003
    ],
    [
      653.8181818181818,
      219.70877832859878
    ],
    [
      658.0909090909091,
      217.52456940651246
    ],
    [
      662.3636363636364,
      215.50298074620105
    ],
    [
      666.6363636363636,
      213.644012347665
    ],
    [
      670.9090909090909,
      211.94766421090344
    ],
    [
      675.1818181818181,
      210.4139363359168
    ],
    [
      679.4545454545455,
      209.04282872270505
    ],
    [
      683.7272727272727,
      207.8343413712687
    ],
    [
      688.0,
      206.7884742816068
    ],
    [
      692.2727272727273,
      205.90522745371982
    ],
    [
      696.5454545454545,
      205.1846008876082
    ],
    [
      700.8181818181818,
      204.62659458327107
    ],
    [
      705.0909090909091,
      204.2312085407093
    ],
    [
      709.3636363636364,
      203.998442759922
    ],
    [
      713.6363636363636,
      203.92829724091007
    ],
    [
      717.9090909090909,
      204.0207719836726
    ],
    [
      722.1818181818182,
      204.2758669882105
    ],
    [
      726.4545454545455,
      204.69358225452333
    ],
    [
      730.7272727272727,
      205.27391778261108
    ],
    [
      735.0,
      206.0168735724733
    ],
    [
      739.2727272727273,
      206.92244962411087
    ],
    [
      743.5454545454545,
      207.99064593752337
    ],
    [
      747.8181818181818,
      209.2214625127108
    ],
    [
      752.0909090909091,
      210.61489934967312
    ],
    [
      756.3636363636364,
      212.17095644841038
    ],
    [
      760.6363636363636,
      213.889633808923
    ],
    [
      764.9090909090909,
      215.77093143120965
    ],
    [
      769.1818181818181,
      217.81484931527166
    ],
    [
      773.4545454545455,
      220.0213874611086
    ],
    [
      777.7272727272727,
      222.39054586872044
    ],
    [
      782.0,
      224.92232453810766
    ],
    [
      786.2727272727273,
      227.61672346926935
    ],
    [
      790.5454545454545,
      230.4737426622064
    ],
    [
      794.8181818181818,
      233.49338211691793
    ],
    [
      799.090909090909,
      236.67564183340437
    ],
    [
      803.3636363636364,
      240.02052181166619
    ],
    [
      807.6363636363636,
      243.52802205170246
    ],
    [
      811.9090909090909,
      247.19814255351412
    ],
    [
      816.1818181818181,
      251.03088331710023
    ],
    [
      820.4545454545455,
      255.02624434246218
    ],
    [
      824.7272727272727,
      259.18422562959813
    ],
    [
      829.0,
      263.50482717850946
    ],
    [
      833.2727272727273,
      267.98804898919525
    ],
    [
      837.5454545454545,
      272.6338910616564
    ],
    [
      841.8181818181818,
      277.4423533958925
    ],
    [
      846.090909090909,
      282.4134359919035
    ],
    [
      850.3636363636364,
      287.5471388496894
    ],
    [
      854.6363636363636,
      292.8434619692498
    ],
    [
      858.9090909090909,
      298.302405350586
    ],
    [
      863.1818181818182,
      303.9239689936967
    ],
    [
      867.4545454545455,
      309.7081528985823
    ],
    [
      871.7272727272727,
      315.6549570652428
    ],
    [
      876.0,
      321.76438149367823
    ],
    [
      880.2727272727273,
      328.0364261838886
    ],
    [
      884.5454545454545,
      334.47109113587385
    ],
    [
      888.8181818181818,
      341.06837634963404
    ],
    [
      893.090909090909,
      347.8282818251696
    ],
    [
      897.3636363636364,
      354.7508075624801
    ],
    [
      901.6363636363636,
      361.835953561565
    ],
    [
      905.9090909090909,
      369.0837198224249
    ],
    [
      910.1818181818182,
      376.4941063450606
    ],
    [
      914.4545454545455,
      384.0671131294703
    ],
    [
      918.7272727272727,
      391.8027401756549
    ],
    [
      923.0,
      399.7009874836149
    ],
    [
      927.2727272727273,
      407.76185505334934
    ],
    [
      931.5454545454545,
      415.9853428848587
    ],
    [
      935.8181818181818,
      424.37145097814346
    ],
    [
      940.090909090909,
      432.9201793332029
    ],
    [
      944.3636363636363,
      441.63152795003793
    ],
    [
      948.6363636363636,
      450.505496828647
    ],
    [
      952.9090909090909,
      459.5420859690314
    ],
    [
      957.1818181818182,
      468.7412953711912
    ],
    [
      961.4545454545455,
      478.10312503512523
    ],
    [
      965.7272727272727,
      487.6275749608344
    ],
    [
      970.0,
      497.3146451483183
    ],
    [
      974.2727272727273,
      507.1643355975773
    ],
    [
      978.5454545454545,
      517.176646308611
    ],
    [
      982.8181818181818,
      527.3515772814208
    ],
    [
      987.090909090909,
      537.6891285160045
    ],
    [
      991.3636363636363,
      548.1893000123632
    ],
    [
      995.6363636363636,
      558.8520917704966
    ],
    [
      999.9090909090909,
      569.6775037904051
    ],
    [
      1004.1818181818181,
      580.6655360720895
    ],
    [
      1008.4545454545455,
      591.8161886155476
    ],
    [
      1012.7272727272727,
      603.1294614207811
    ],
    [
      1017.0,
      614.6053544877893
    ]
  ],
  "parabola_params": [
    0.004453836956715122,
    -6.354227025770156,
    2470.299667572111
  ]
}