{
  "original_points": [
    [
      928,
      689
    ],
    [
      976,
      592
    ],
    [
      981,
      588
    ],
    [
      982,
      578
    ],
    [
      979,
      563
    ],
    [
      971,
      538
    ],
    [
      960,
      508
    ],
    [
      944,
      476
    ],
    [
      932,
      450
    ],
    [
      920,
      420
    ],
    [
      930,
      678
    ],
    [
      904,
      394
    ],
    [
      890,
      369
    ],
    [
      878,
      346
    ],
    [
      861,
      321
    ],
    [
      846,
      304
    ],
    [
      829,
      286
    ],
    [
      813,
      268
    ],
    [
      799,
      255
    ],
    [
      781,
      241
    ],
    [
      764,
      234
    ],
    [
      931,
      664
    ],
    [
      746,
      223
    ],
    [
      729,
      216
    ],
    [
      711,
      214
    ],
    [
      692,
      210
    ],
    [
      674,
      209
    ],
    [
      655,
      209
    ],
    [
      634,
      214
    ],
    [
      615,
      222
    ],
    [
      594,
      232
    ],
    [
      572,
      240
    ],
    [
      935,
      652
    ],
    [
      938,
      631
    ],
    [
      943,
      617
    ],
    [
      952,
      607
    ],
    [
      960,
      598
    ],
    [
      969,
      593
    ],
    [
      594,
      232
    ],
    [
      572,
      240
    ],
    [
      572,
      240
    ],
    [
      572,
      240
    ]
  ],
  "trajectory": [
    [
      572.0,
      244.68014102041684
    ],
    [
      576.1414141414141,
      240.99982456637326
    ],
    [
      580.2828282828283,
      237.47501150697235
    ],
    [
      584.4242424242424,
      234.10570184221388
    ],
    [
      588.5656565656566,
      230.8918955720983
    ],
    [
      592.7070707070707,
      227.83359269662515
    ],
    [
      596.8484848484849,
      224.93079321579467
    ],
    [
      600.989898989899,
      222.18349712960685
    ],
    [
      605.1313131313132,
      219.5917044380617
    ],
    [
      609.2727272727273,
      217.15541514115898
    ],
    [
      613.4141414141415,
      214.87462923889916
    ],
    [
      617.5555555555555,
      212.74934673128178
    ],
    [
      621.6969696969697,
      210.77956761830706
    ],
    [
      625.8383838383838,
      208.965291899975
    ],
    [
      629.9797979797979,
      207.30651957628538
    ],
    [
      634.1212121212121,
      205.80325064723866
    ],
    [
      638.2626262626262,
      204.45548511283437
    ],
    [
      642.4040404040404,
      203.26322297307252
    ],
    [
      646.5454545454545,
      202.22646422795356
    ],
    [
      650.6868686868687,
      201.34520887747726
    ],
    [
      654.8282828282828,
      200.6194569216434
    ],
    [
      658.969696969697,
      200.0492083604522
    ],
    [
      663.1111111111111,
      199.63446319390368
    ],
    [
      667.2525252525253,
      199.3752214219976
    ],
    [
      671.3939393939394,
      199.2714830447344
    ],
    [
      675.5353535353536,
      199.32324806211363
    ],
    [
      679.6767676767677,
      199.53051647413554
    ],
    [
      683.8181818181818,
      199.8932882808001
    ],
    [
      687.959595959596,
      200.41156348210734
    ],
    [
      692.10101010101,
      201.08534207805724
    ],
    [
      696.2424242424242,
      201.91462406864957
    ],
    [
      700.3838383838383,
      202.89940945388457
    ],
    [
      704.5252525252525,
      204.03969823376224
    ],
    [
      708.6666666666666,
      205.33549040828257
    ],
    [
      712.8080808080808,
      206.78678597744533
    ],
    [
      716.9494949494949,
      208.39358494125077
    ],
    [
      721.090909090909,
      210.1558872996991
    ],
    [
      725.2323232323232,
      212.07369305278962
    ],
    [
      729.3737373737374,
      214.14700220052305
    ],
    [
      733.5151515151515,
      216.37581474289914
    ],
    [
      737.6565656565656,
      218.76013067991767
    ],
    [
      741.7979797979798,
      221.29995001157886
    ],
    [
      745.9393939393939,
      223.99527273788271
    ],
    [
      750.0808080808081,
      226.84609885882924
    ],
    [
      754.2222222222222,
      229.8524283744182
    ],
    [
      758.3636363636364,
      233.01426128465005
    ],
    [
      762.5050505050505,
      236.33159758952434
    ],
    [
      766.6464646464647,
      239.8044372890413
    ],
    [
      770.7878787878788,
      243.43278038320068
    ],
    [
      774.9292929292928,
      247.21662687200296
    ],
    [
      779.070707070707,
      251.15597675544768
    ],
    [
      783.2121212121212,
      255.25083003353552
    ],
    [
      787.3535353535353,
      259.50118670626534
    ],
    [
      791.4949494949494,
      263.90704677363783
    ],
    [
      795.6363636363636,
      268.46841023565344
    ],
    [
      799.7777777777777,
      273.185277092311
    ],
    [
      803.9191919191919,
      278.05764734361196
    ],
    [
      808.060606060606,
      283.0855209895551
    ],
    [
      812.2020202020202,
      288.2688980301409
    ],
    [
      816.3434343434343,
      293.60777846536917
    ],
    [
      820.4848484848485,
      299.1021622952403
    ],
    [
      824.6262626262626,
      304.7520495197539
    ],
    [
      828.7676767676767,
      310.5574401389101
    ],
    [
      832.9090909090909,
      316.51833415270903
    ],
    [
      837.0505050505051,
      322.6347315611506
    ],
    [
      841.1919191919192,
      328.9066323642346
    ],
    [
      845.3333333333333,
      335.3340365619613
    ],
    [
      849.4747474747475,
      341.9169441543306
    ],
    [
      853.6161616161617,
      348.6553551413426
    ],
    [
      857.7575757575758,
      355.54926952299706
    ],
    [
      861.8989898989898,
      362.5986872992944
    ],
    [
      866.0404040404039,
      369.80360847023394
    ],
    [
      870.1818181818181,
      377.1640330358166
    ],
    [
      874.3232323232323,
      384.6799609960417
    ],
    [
      878.4646464646464,
      392.35139235090924
    ],
    [
      882.6060606060605,
      400.1783271004192
    ],
    [
      886.7474747474747,
      408.16076524457253
    ],
    [
      890.8888888888889,
      416.2987067833685
    ],
    [
      895.030303030303,
      424.5921517168067
    ],
    [
      899.1717171717171,
      433.04110004488734
    ],
    [
      903.3131313131313,
      441.6455517676104
    ],
    [
      907.4545454545455,
      450.40550688497683
    ],
    [
      911.5959595959596,
      459.32096539698546
    ],
    [
      915.7373737373737,
      468.39192730363675
    ],
    [
      919.8787878787878,
      477.6183926049305
    ],
    [
      924.020202020202,
      487.00036130086664
    ],
    [
      928.1616161616162,
      496.5378333914464
    ],
    [
      932.3030303030303,
      506.2308088766679
    ],
    [
      936.4444444444443,
      516.0792877565323
    ],
    [
      940.5858585858585,
      526.0832700310389
    ],
    [
      944.7272727272727,
      536.242755700189
    ],
    [
      948.8686868686868,
      546.5577447639812
    ],
    [
      953.0101010101009,
      557.0282372224158
    ],
    [
      957.1515151515151,
      567.654233075493
    ],
    [
      961.2929292929293,
      578.4357323232136
    ],
    [
      965.4343434343434,
      589.3727349655762
    ],
    [
      969.5757575757575,
      600.4652410025815
    ],
    [
      973.7171717171716,
      611.7132504342292
    ],
    [
      977.8585858585858,
      623.1167632605195
    ],
    [
      982.0,
      634.6757794814532
    ]
  ],
  "parabola_params": [
    0.004533280103784408,
    -6.09350840698576,
    2246.9502323396737
  ]
}