{
  "original_points": [
    [
      988,
      681
    ],
    [
      1034,
      588
    ],
    [
      1030,
      578
    ],
    [
      1027,
      561
    ],
    [
      1005,
      499
    ],
    [
      992,
      467
    ],
    [
      981,
      437
    ],
    [
      967,
      408
    ],
    [
      955,
      380
    ],
    [
      942,
      355
    ],
    [
      988,
      664
    ],
    [
      928,
      330
    ],
    [
      914,
      304
    ],
    [
      899,
      283
    ],
    [
      884,
      266
    ],
    [
      871,
      247
    ],
    [
      854,
      231
    ],
    [
      838,
      216
    ],
    [
      823,
      204
    ],
    [
      805,
      192
    ],
    [
      788,
      185
    ],
    [
      990,
      647
    ],
    [
      774,
      179
    ],
    [
      756,
      172
    ],
    [
      736,
      168
    ],
    [
      716,
      168
    ],
    [
      699,
      171
    ],
    [
      678,
      177
    ],
    [
      658,
      182
    ],
    [
      639,
      190
    ],
    [
      618,
      202
    ],
    [
      595,
      219
    ],
    [
      996,
      629
    ],
    [
      569,
      233
    ],
    [
      1002,
      616
    ],
    [
      1017,
      598
    ],
    [
      1026,
      593
    ],
    [
      1030,
      590
    ],
    [
      618,
      202
    ],
    [
      594,
      219
    ],
    [
      569,
      234
    ],
    [
      569,
      234
    ]
  ],
  "trajectory": [
    [
      569.0,
      250.26059148065042
    ],
    [
      573.6969696969697,
      244.07352082885063
    ],
    [
      578.3939393939394,
      238.09043200685164
    ],
    [
      583.0909090909091,
      232.31132501465345
    ],
    [
      587.7878787878788,
      226.7361998522556
    ],
    [
      592.4848484848485,
      221.36505651965854
    ],
    [
      597.1818181818181,
      216.19789501686228
    ],
    [
      601.8787878787879,
      211.23471534386726
    ],
    [
      606.5757575757576,
      206.47551750067214
    ],
    [
      611.2727272727273,
      201.92030148727827
    ],
    [
      615.969696969697,
      197.5690673036852
    ],
    [
      620.6666666666666,
      193.42181494989245
    ],
    [
      625.3636363636364,
      189.47854442590096
    ],
    [
      630.060606060606,
      185.73925573170982
    ],
    [
      634.7575757575758,
      182.20394886731947
    ],
    [
      639.4545454545455,
      178.87262383272991
    ],
    [
      644.1515151515151,
      175.74528062794116
    ],
    [
      648.8484848484849,
      172.82191925295274
    ],
    [
      653.5454545454545,
      170.10253970776557
    ],
    [
      658.2424242424242,
      167.58714199237875
    ],
    [
      662.939393939394,
      165.27572610679272
    ],
    [
      667.6363636363636,
      163.16829205100794
    ],
    [
      672.3333333333334,
      161.2648398250235
    ],
    [
      677.030303030303,
      159.56536942883986
    ],
    [
      681.7272727272727,
      158.06988086245656
    ],
    [
      686.4242424242425,
      156.7783741258745
    ],
    [
      691.1212121212121,
      155.69084921909325
    ],
    [
      695.8181818181819,
      154.80730614211234
    ],
    [
      700.5151515151515,
      154.12774489493222
    ],
    [
      705.2121212121212,
      153.6521654775529
    ],
    [
      709.9090909090909,
      153.38056788997437
    ],
    [
      714.6060606060606,
      153.31295213219664
    ],
    [
      719.3030303030303,
      153.4493182042197
    ],
    [
      724.0,
      153.78966610604357
    ],
    [
      728.6969696969697,
      154.33399583766777
    ],
    [
      733.3939393939394,
      155.08230739909277
    ],
    [
      738.0909090909091,
      156.03460079031856
    ],
    [
      742.7878787878788,
      157.1908760113456
    ],
    [
      747.4848484848485,
      158.55113306217254
    ],
    [
      752.1818181818182,
      160.11537194280072
    ],
    [
      756.8787878787879,
      161.8835926532297
    ],
    [
      761.5757575757576,
      163.85579519345902
    ],
    [
      766.2727272727273,
      166.03197956348959
    ],
    [
      770.969696969697,
      168.4121457633205
    ],
    [
      775.6666666666667,
      170.9962937929522
    ],
    [
      780.3636363636364,
      173.7844236523847
    ],
    [
      785.060606060606,
      176.776535341618
    ],
    [
      789.7575757575758,
      179.9726288606521
    ],
    [
      794.4545454545455,
      183.37270420948653
    ],
    [
      799.1515151515151,
      186.9767613881222
    ],
    [
      803.8484848484849,
      190.78480039655824
    ],
    [
      808.5454545454545,
      194.79682123479506
    ],
    [
      813.2424242424242,
      199.01282390283268
    ],
    [
      817.939393939394,
      203.4328084006711
    ],
    [
      822.6363636363636,
      208.0567747283103
    ],
    [
      827.3333333333334,
      212.88472288574985
    ],
    [
      832.030303030303,
      217.91665287299065
    ],
    [
      836.7272727272727,
      223.1525646900318
    ],
    [
      841.4242424242425,
      228.5924583368742
    ],
    [
      846.1212121212121,
      234.23633381351692
    ],
    [
      850.8181818181818,
      240.08419111996
    ],
    [
      855.5151515151515,
      246.13603025620432
    ],
    [
      860.2121212121212,
      252.39185122224944
    ],
    [
      864.909090909091,
      258.85165401809536
    ],
    [
      869.6060606060606,
      265.5154386437416
    ],
    [
      874.3030303030303,
      272.3832050991882
    ],
    [
      879.0,
      279.4549533844365
    ],
    [
      883.6969696969697,
      286.73068349948517
    ],
    [
      888.3939393939395,
      294.2103954443346
    ],
    [
      893.0909090909091,
      301.89408921898485
    ],
    [
      897.7878787878788,
      309.7817648234354
    ],
    [
      902.4848484848485,
      317.87342225768725
    ],
    [
      907.1818181818182,
      326.1690615217394
    ],
    [
      911.8787878787879,
      334.66868261559284
    ],
    [
      916.5757575757576,
      343.3722855392466
    ],
    [
      921.2727272727273,
      352.2798702927007
    ],
    [
      925.969696969697,
      361.39143687595606
    ],
    [
      930.6666666666667,
      370.7069852890122
    ],
    [
      935.3636363636364,
      380.22651553186915
    ],
    [
      940.060606060606,
      389.95002760452644
    ],
    [
      944.7575757575758,
      399.8775215069845
    ],
    [
      949.4545454545455,
      410.0089972392434
    ],
    [
      954.1515151515152,
      420.3444548013031
    ],
    [
      958.8484848484849,
      430.883894193164
    ],
    [
      963.5454545454545,
      441.6273154148248
    ],
    [
      968.2424242424242,
      452.5747184662864
    ],
    [
      972.939393939394,
      463.72610334754927
    ],
    [
      977.6363636363637,
      475.0814700586127
    ],
    [
      982.3333333333334,
      486.64081859947714
    ],
    [
      987.030303030303,
      498.4041489701415
    ],
    [
      991.7272727272727,
      510.37146117060706
    ],
    [
      996.4242424242425,
      522.5427552008734
    ],
    [
      1001.1212121212121,
      534.9180310609408
    ],
    [
      1005.8181818181819,
      547.4972887508088
    ],
    [
      1010.5151515151515,
      560.2805282704767
    ],
    [
      1015.2121212121212,
      573.267749619946
    ],
    [
      1019.909090909091,
      586.4589527992161
    ],
    [
      1024.6060606060605,
      599.8541378082864
    ],
    [
      1029.3030303030303,
      613.4533046471579
    ],
    [
      1034.0,
      627.2564533158302
    ]
  ],
  "parabola_params": [
    0.004623022115567126,
    -6.5999606623612435,
    2508.8839452060697
  ]
}