{
  "original_points": [
    [
      951,
      685
    ],
    [
      999,
      585
    ],
    [
      1005,
      584
    ],
    [
      1005,
      579
    ],
    [
      1004,
      570
    ],
    [
      997,
      549
    ],
    [
      988,
      517
    ],
    [
      979,
      488
    ],
    [
      965,
      459
    ],
    [
      952,
      427
    ],
    [
      942,
      399
    ],
    [
      952,
      678
    ],
    [
      930,
      374
    ],
    [
      916,
      349
    ],
    [
      904,
      324
    ],
    [
      891,
      302
    ],
    [
      877,
      280
    ],
    [
      862,
      264
    ],
    [
      850,
      249
    ],
    [
      836,
      233
    ],
    [
      822,
      219
    ],
    [
      807,
      210
    ],
    [
      956,
      661
    ],
    [
      794,
      201
    ],
    [
      777,
      194
    ],
    [
      762,
      189
    ],
    [
      747,
      187
    ],
    [
      730,
      187
    ],
    [
      713,
      190
    ],
    [
      697,
      192
    ],
    [
      677,
      199
    ],
    [
      662,
      207
    ],
    [
      643,
      217
    ],
    [
      960,
      645
    ],
    [
      622,
      226
    ],
    [
      604,
      247
    ],
    [
      589,
      258
    ]
  ],
  "trajectory": [
    [
      589.0,
      269.62592059714143
    ],
    [
      593.2020202020202,
      263.8663477081982
    ],
    [
      597.4040404040404,
      258.29456461189466
    ],
    [
      601.6060606060606,
      252.9105713082322
    ],
    [
      605.8080808080808,
      247.71436779721125
    ],
    [
      610.010101010101,
      242.70595407883047
    ],
    [
      614.2121212121212,
      237.8853301530894
    ],
    [
      618.4141414141415,
      233.2524960199903
    ],
    [
      622.6161616161617,
      228.80745167953182
    ],
    [
      626.8181818181819,
      224.5501971317135
    ],
    [
      631.0202020202021,
      220.4807323765358
    ],
    [
      635.2222222222222,
      216.59905741399916
    ],
    [
      639.4242424242424,
      212.9051722441027
    ],
    [
      643.6262626262626,
      209.39907686684774
    ],
    [
      647.8282828282828,
      206.08077128223294
    ],
    [
      652.030303030303,
      202.95025549025877
    ],
    [
      656.2323232323232,
      200.00752949092566
    ],
    [
      660.4343434343434,
      197.25259328423272
    ],
    [
      664.6363636363636,
      194.68544687018039
    ],
    [
      668.8383838383838,
      192.30609024876958
    ],
    [
      673.040404040404,
      190.11452341999893
    ],
    [
      677.2424242424242,
      188.1107463838689
    ],
    [
      681.4444444444445,
      186.29475914037994
    ],
    [
      685.6464646464647,
      184.6665616895316
    ],
    [
      689.8484848484849,
      183.2261540313234
    ],
    [
      694.0505050505051,
      181.9735361657563
    ],
    [
      698.2525252525253,
      180.90870809282978
    ],
    [
      702.4545454545455,
      180.03166981254435
    ],
    [
      706.6565656565657,
      179.34242132489908
    ],
    [
      710.8585858585859,
      178.84096262989488
    ],
    [
      715.0606060606061,
      178.5272937275313
    ],
    [
      719.2626262626263,
      178.4014146178083
    ],
    [
      723.4646464646464,
      178.4633253007255
    ],
    [
      727.6666666666667,
      178.7130257762842
    ],
    [
      731.8686868686868,
      179.15051604448354
    ],
    [
      736.070707070707,
      179.77579610532302
    ],
    [
      740.2727272727273,
      180.58886595880358
    ],
    [
      744.4747474747475,
      181.58972560492475
    ],
    [
      748.6767676767677,
      182.77837504368654
    ],
    [
      752.8787878787879,
      184.15481427508894
    ],
    [
      757.0808080808081,
      185.71904329913195
    ],
    [
      761.2828282828283,
      187.47106211581558
    ],
    [
      765.4848484848485,
      189.41087072514074
    ],
    [
      769.6868686868687,
      191.5384691271056
    ],
    [
      773.8888888888889,
      193.85385732171198
    ],
    [
      778.0909090909091,
      196.35703530895853
    ],
    [
      782.2929292929293,
      199.0480030888457
    ],
    [
      786.4949494949495,
      201.92676066137392
    ],
    [
      790.6969696969697,
      204.9933080265423
    ],
    [
      794.89898989899,
      208.24764518435177
    ],
    [
      799.1010101010102,
      211.6897721348023
    ],
    [
      803.3030303030303,
      215.31968887789253
    ],
    [
      807.5050505050506,
      219.13739541362384
    ],
    [
      811.7070707070707,
      223.1428917419962
    ],
    [
      815.909090909091,
      227.3361778630092
    ],
    [
      820.1111111111111,
      231.7172537766628
    ],
    [
      824.3131313131314,
      236.28611948295702
    ],
    [
      828.5151515151515,
      241.0427749818923
    ],
    [
      832.7171717171717,
      245.9872202734673
    ],
    [
      836.9191919191919,
      251.11945535768336
    ],
    [
      841.1212121212121,
      256.43948023454095
    ],
    [
      845.3232323232323,
      261.94729490403824
    ],
    [
      849.5252525252525,
      267.64289936617706
    ],
    [
      853.7272727272727,
      273.52629362095604
    ],
    [
      857.929292929293,
      279.59747766837563
    ],
    [
      862.1313131313132,
      285.8564515084363
    ],
    [
      866.3333333333334,
      292.3032151411371
    ],
    [
      870.5353535353536,
      298.93776856647855
    ],
    [
      874.7373737373738,
      305.7601117844615
    ],
    [
      878.939393939394,
      312.77024479508464
    ],
    [
      883.1414141414141,
      319.9681675983484
    ],
    [
      887.3434343434344,
      327.3538801942532
    ],
    [
      891.5454545454545,
      334.9273825827986
    ],
    [
      895.7474747474748,
      342.68867476398464
    ],
    [
      899.9494949494949,
      350.6377567378104
    ],
    [
      904.1515151515152,
      358.7746285042781
    ],
    [
      908.3535353535353,
      367.099290063386
    ],
    [
      912.5555555555557,
      375.61174141513493
    ],
    [
      916.7575757575758,
      384.3119825595245
    ],
    [
      920.9595959595961,
      393.2000134965547
    ],
    [
      925.1616161616162,
      402.27583422622547
    ],
    [
      929.3636363636364,
      411.5394447485369
    ],
    [
      933.5656565656566,
      420.99084506348845
    ],
    [
      937.7676767676768,
      430.630035171082
    ],
    [
      941.969696969697,
      440.45701507131525
    ],
    [
      946.1717171717172,
      450.4717847641891
    ],
    [
      950.3737373737374,
      460.6743442497045
    ],
    [
      954.5757575757576,
      471.0646935278596
    ],
    [
      958.7777777777778,
      481.6428325986567
    ],
    [
      962.979797979798,
      492.4087614620935
    ],
    [
      967.1818181818182,
      503.3624801181709
    ],
    [
      971.3838383838383,
      514.5039885668889
    ],
    [
      975.5858585858587,
      525.8332868082484
    ],
    [
      979.7878787878788,
      537.3503748422481
    ],
    [
      983.9898989898991,
      549.0552526688889
    ],
    [
      988.1919191919192,
      560.9479202881689
    ],
    [
      992.3939393939395,
      573.0283777000918
    ],
    [
      996.5959595959596,
      585.2966249046535
    ],
    [
      1000.7979797979799,
      597.7526619018568
    ],
    [
      1005.0,
      610.3964886917006
    ]
  ],
  "parabola_params": [
    0.005317723042458496,
    -7.657290510220768,
    2934.94023550443
  ]
}