{"original_points": [[999, 680], [1052, 591], [1052, 586], [1043, 557], [1024, 491], [1013, 458], [998, 426], [987, 397], [972, 367], [1001, 665], [958, 341], [945, 315], [929, 291], [917, 267], [901, 249], [886, 229], [870, 213], [854, 197], [838, 184], [822, 172], [1005, 652], [804, 162], [786, 154], [770, 148], [749, 143], [731, 142], [711, 143], [693, 146], [673, 153], [652, 162], [630, 168], [1011, 635], [608, 181], [588, 196], [564, 214], [541, 236], [1017, 619], [1023, 605], [1032, 596], [1041, 595], [1047, 594], [588, 196], [564, 214], [541, 236], [541, 236], [541, 236]], "parabola_params": [0.004008259611627838, -5.73051019214149, 2174.9062792566606], "trajectory": [[1052, 582], [1043, 558], [972, 391], [945, 339], [929, 310], [917, 290], [901, 265], [886, 244], [870, 223], [854, 204], [838, 187], [822, 172], [786, 147], [770, 138], [749, 131], [731, 127], [711, 126], [693, 128], [673, 133], [652, 142], [630, 155], [588, 191], [564, 217], [541, 247], [1041, 553], [1047, 568], [564, 217], [541, 247], [541, 247], [541, 247]]}