{"original_points": [[981, 684], [1031, 589], [1036, 587], [1038, 587], [1034, 580], [105, 389], [1016, 541], [1006, 505], [992, 475], [976, 443], [962, 413], [982, 674], [947, 386], [932, 360], [916, 334], [900, 309], [883, 290], [870, 271], [849, 251], [832, 236], [816, 222], [796, 211], [983, 659], [779, 201], [759, 192], [738, 187], [721, 183], [701, 180], [678, 182], [659, 183], [637, 189], [613, 195], [591, 207], [987, 645], [567, 217], [543, 235], [105, 389], [106, 388], [540, 245]], "parabola_params": [0.003721633209977027, -5.265200471047701, 2039.887132700668], "trajectory": [[1036, 579], [1038, 584], [1034, 574], [1006, 509], [992, 479], [976, 446], [962, 418], [932, 365], [759, 187], [738, 181], [721, 178], [701, 177], [678, 180], [659, 186], [637, 196]]}