{"original_points": [[991, 680], [1047, 587], [1050, 583], [1041, 558], [106, 389], [1019, 498], [1003, 466], [989, 436], [972, 408], [957, 380], [990, 665], [941, 355], [926, 331], [907, 307], [893, 287], [876, 270], [854, 252], [836, 235], [819, 225], [800, 212], [781, 204], [994, 652], [760, 196], [740, 191], [718, 188], [698, 187], [674, 189], [654, 192], [630, 198], [606, 207], [582, 218], [556, 231], [998, 634], [533, 248]], "parabola_params": [0.003182049894777094, -4.46068777429401, 1742.0556795196096], "trajectory": [[1050, 566], [1041, 546], [1003, 469], [989, 442], [972, 412], [957, 387], [926, 339], [907, 313], [893, 296], [876, 276], [854, 253], [836, 236], [819, 223], [800, 210], [781, 199], [740, 183], [718, 179], [698, 178], [674, 181], [654, 185], [630, 194], [606, 207], [582, 223], [556, 245]]}