{"original_points": [[107, 391], [1022, 598], [107, 390], [1034, 591], [1038, 591], [1033, 583], [1026, 566], [1017, 541], [1005, 506], [991, 476], [977, 448], [992, 680], [963, 417], [949, 395], [936, 367], [920, 344], [902, 320], [108, 390], [870, 281], [854, 267], [838, 253], [821, 237], [991, 668], [803, 227], [784, 220], [765, 211], [746, 206], [726, 203], [705, 201], [683, 204], [662, 206], [640, 210], [616, 218], [991, 657], [595, 231], [570, 239], [107, 389], [994, 642], [998, 628], [1003, 617], [1012, 610], [107, 390]], "parabola_params": [0.001586808660296041, -1.6291972924068612, 551.9238229246787], "trajectory": [[107, 395], [1038, 570], [1033, 562], [1026, 550], [1017, 536], [1005, 517], [991, 495], [977, 474], [784, 249], [765, 234], [746, 219], [726, 205], [705, 192], [683, 179], [662, 168]]}