{
  "original_points": [
    [
      1002,
      508
    ],
    [
      856,
      274
    ],
    [
      840,
      253
    ],
    [
      822,
      237
    ],
    [
      805,
      224
    ],
    [
      785,
      212
    ],
    [
      767,
      198
    ],
    [
      746,
      192
    ],
    [
      726,
      185
    ],
    [
      706,
      182
    ],
    [
      686,
      182
    ],
    [
      989,
      478
    ],
    [
      664,
      181
    ],
    [
      642,
      184
    ],
    [
      619,
      189
    ],
    [
      596,
      194
    ],
    [
      572,
      203
    ],
    [
      547,
      217
    ],
    [
      522,
      233
    ],
    [
      494,
      245
    ]
  ],
  "trajectory": [
    [
      522.0,
      241.29249534472228
    ],
    [
      526.8484848484849,
      237.04278165868845
    ],
    [
      531.6969696969697,
      232.93353078863424
    ],
    [
      536.5454545454545,
      228.96474273456033
    ],
    [
      541.3939393939394,
      225.13641749646604
    ],
    [
      546.2424242424242,
      221.4485550743516
    ],
    [
      551.0909090909091,
      217.90115546821698
    ],
    [
      555.939393939394,
      214.49421867806245
    ],
    [
      560.7878787878788,
      211.22774470388777
    ],
    [
      565.6363636363636,
      208.10173354569292
    ],
    [
      570.4848484848485,
      205.11618520347793
    ],
    [
      575.3333333333334,
      202.271099677243
    ],
    [
      580.1818181818182,
      199.5664769669877
    ],
    [
      585.030303030303,
      197.00231707271246
    ],
    [
      589.8787878787879,
      194.57861999441707
    ],
    [
      594.7272727272727,
      192.29538573210152
    ],
    [
      599.5757575757576,
      190.15261428576605
    ],
    [
      604.4242424242424,
      188.1503056554102
    ],
    [
      609.2727272727273,
      186.2884598410344
    ],
    [
      614.1212121212121,
      184.56707684263847
    ],
    [
      618.969696969697,
      182.98615666022238
    ],
    [
      623.8181818181819,
      181.54569929378613
    ],
    [
      628.6666666666666,
      180.24570474332995
    ],
    [
      633.5151515151515,
      179.0861730088534
    ],
    [
      638.3636363636364,
      178.0671040903569
    ],
    [
      643.2121212121212,
      177.18849798784026
    ],
    [
      648.060606060606,
      176.45035470130347
    ],
    [
      652.9090909090909,
      175.85267423074674
    ],
    [
      657.7575757575758,
      175.39545657616964
    ],
    [
      662.6060606060606,
      175.07870173757237
    ],
    [
      667.4545454545455,
      174.90240971495518
    ],
    [
      672.3030303030303,
      174.86658050831807
    ],
    [
      677.1515151515151,
      174.97121411766057
    ],
    [
      682.0,
      175.21631054298314
    ],
    [
      686.8484848484849,
      175.60186978428555
    ],
    [
      691.6969696969697,
      176.12789184156782
    ],
    [
      696.5454545454545,
      176.7943767148297
    ],
    [
      701.3939393939394,
      177.60132440407187
    ],
    [
      706.2424242424242,
      178.54873490929367
    ],
    [
      711.0909090909091,
      179.63660823049554
    ],
    [
      715.939393939394,
      180.86494436767725
    ],
    [
      720.7878787878788,
      182.23374332083858
    ],
    [
      725.6363636363636,
      183.74300508998022
    ],
    [
      730.4848484848485,
      185.39272967510146
    ],
    [
      735.3333333333334,
      187.18291707620233
    ],
    [
      740.1818181818182,
      189.1135672932835
    ],
    [
      745.030303030303,
      191.18468032634473
    ],
    [
      749.8787878787879,
      193.3962561753856
    ],
    [
      754.7272727272727,
      195.74829484040606
    ],
    [
      759.5757575757576,
      198.24079632140683
    ],
    [
      764.4242424242425,
      200.87376061838745
    ],
    [
      769.2727272727273,
      203.64718773134814
    ],
    [
      774.1212121212121,
      206.561077660288
    ],
    [
      778.969696969697,
      209.61543040520837
    ],
    [
      783.8181818181818,
      212.8102459661086
    ],
    [
      788.6666666666667,
      216.14552434298844
    ],
    [
      793.5151515151515,
      219.62126553584812
    ],
    [
      798.3636363636364,
      223.23746954468788
    ],
    [
      803.2121212121212,
      226.9941363695075
    ],
    [
      808.060606060606,
      230.89126601030694
    ],
    [
      812.909090909091,
      234.92885846708668
    ],
    [
      817.7575757575758,
      239.10691373984582
    ],
    [
      822.6060606060606,
      243.42543182858503
    ],
    [
      827.4545454545455,
      247.8844127333041
    ],
    [
      832.3030303030303,
      252.48385645400276
    ],
    [
      837.1515151515152,
      257.22376299068196
    ],
    [
      842.0,
      262.10413234334055
    ],
    [
      846.8484848484849,
      267.1249645119792
    ],
    [
      851.6969696969697,
      272.2862594965977
    ],
    [
      856.5454545454545,
      277.58801729719585
    ],
    [
      861.3939393939394,
      283.0302379137743
    ],
    [
      866.2424242424242,
      288.61292134633254
    ],
    [
      871.0909090909091,
      294.33606759487066
    ],
    [
      875.939393939394,
      300.1996766593886
    ],
    [
      880.7878787878788,
      306.2037485398862
    ],
    [
      885.6363636363636,
      312.34828323636407
    ],
    [
      890.4848484848485,
      318.63328074882156
    ],
    [
      895.3333333333334,
      325.0587410772591
    ],
    [
      900.1818181818182,
      331.62466422167654
    ],
    [
      905.030303030303,
      338.33105018207357
    ],
    [
      909.8787878787879,
      345.1778989584509
    ],
    [
      914.7272727272727,
      352.16521055080784
    ],
    [
      919.5757575757575,
      359.29298495914463
    ],
    [
      924.4242424242425,
      366.5612221834617
    ],
    [
      929.2727272727273,
      373.9699222237582
    ],
    [
      934.1212121212121,
      381.519085080035
    ],
    [
      938.969696969697,
      389.2087107522914
    ],
    [
      943.8181818181818,
      397.0387992405276
    ],
    [
      948.6666666666667,
      405.00935054474417
    ],
    [
      953.5151515151515,
      413.1203646649401
    ],
    [
      958.3636363636364,
      421.3718416011161
    ],
    [
      963.2121212121212,
      429.7637813532722
    ],
    [
      968.060606060606,
      438.29618392140765
    ],
    [
      972.909090909091,
      446.96904930552364
    ],
    [
      977.7575757575758,
      455.782377505619
    ],
    [
      982.6060606060606,
      464.7361685216945
    ],
    [
      987.4545454545455,
      473.83042235375
    ],
    [
      992.3030303030303,
      483.0651390017849
    ],
    [
      997.1515151515152,
      492.4403184658004
    ],
    [
      1002.0,
      501.9559607457952
    ]
  ],
  "parabola_params": [
    0.0029875782539472056,
    -4.010020372763306,
    1520.455856978618
  ]
}