{
  "original_points": [
    [
      949,
      683
    ],
    [
      993,
      588
    ],
    [
      997,
      585
    ],
    [
      998,
      579
    ],
    [
      995,
      574
    ],
    [
      991,
      555
    ],
    [
      967,
      493
    ],
    [
      952,
      462
    ],
    [
      939,
      433
    ],
    [
      924,
      405
    ],
    [
      950,
      675
    ],
    [
      908,
      378
    ],
    [
      894,
      352
    ],
    [
      878,
      327
    ],
    [
      865,
      303
    ],
    [
      847,
      283
    ],
    [
      830,
      263
    ],
    [
      816,
      247
    ],
    [
      798,
      233
    ],
    [
      780,
      217
    ],
    [
      763,
      208
    ],
    [
      950,
      659
    ],
    [
      744,
      196
    ],
    [
      723,
      188
    ],
    [
      705,
      184
    ],
    [
      686,
      182
    ],
    [
      666,
      181
    ],
    [
      644,
      182
    ],
    [
      623,
      186
    ],
    [
      600,
      193
    ],
    [
      578,
      198
    ],
    [
      556,
      211
    ],
    [
      954,
      641
    ],
    [
      531,
      225
    ],
    [
      506,
      241
    ]
  ],
  "trajectory": [
    [
      506.0,
      259.5518943207203
    ],
    [
      510.969696969697,
      253.71502562300407
    ],
    [
      515.939393939394,
      248.07077991604024
    ],
    [
      520.9090909090909,
      242.61915719982903
    ],
    [
      525.8787878787879,
      237.36015747437023
    ],
    [
      530.8484848484849,
      232.29378073966382
    ],
    [
      535.8181818181819,
      227.42002699571003
    ],
    [
      540.7878787878788,
      222.73889624250887
    ],
    [
      545.7575757575758,
      218.25038848006034
    ],
    [
      550.7272727272727,
      213.95450370836397
    ],
    [
      555.6969696969697,
      209.85124192742023
    ],
    [
      560.6666666666666,
      205.94060313722912
    ],
    [
      565.6363636363636,
      202.22258733779017
    ],
    [
      570.6060606060606,
      198.69719452910385
    ],
    [
      575.5757575757576,
      195.36442471117016
    ],
    [
      580.5454545454545,
      192.2242778839891
    ],
    [
      585.5151515151515,
      189.2767540475602
    ],
    [
      590.4848484848485,
      186.5218532018839
    ],
    [
      595.4545454545455,
      183.95957534696026
    ],
    [
      600.4242424242424,
      181.589920482789
    ],
    [
      605.3939393939394,
      179.41288860937016
    ],
    [
      610.3636363636364,
      177.42847972670393
    ],
    [
      615.3333333333334,
      175.63669383479032
    ],
    [
      620.3030303030303,
      174.0375309336291
    ],
    [
      625.2727272727273,
      172.6309910232203
    ],
    [
      630.2424242424242,
      171.41707410356435
    ],
    [
      635.2121212121212,
      170.39578017466079
    ],
    [
      640.1818181818182,
      169.56710923650962
    ],
    [
      645.1515151515151,
      168.93106128911086
    ],
    [
      650.1212121212121,
      168.48763633246472
    ],
    [
      655.0909090909091,
      168.23683436657097
    ],
    [
      660.060606060606,
      168.17865539142986
    ],
    [
      665.030303030303,
      168.31309940704114
    ],
    [
      670.0,
      168.6401664134048
    ],
    [
      674.969696969697,
      169.15985641052112
    ],
    [
      679.939393939394,
      169.87216939839004
    ],
    [
      684.9090909090909,
      170.77710537701137
    ],
    [
      689.8787878787879,
      171.87466434638532
    ],
    [
      694.8484848484849,
      173.16484630651166
    ],
    [
      699.8181818181818,
      174.6476512573904
    ],
    [
      704.7878787878788,
      176.32307919902178
    ],
    [
      709.7575757575758,
      178.19113013140554
    ],
    [
      714.7272727272727,
      180.2518040545424
    ],
    [
      719.6969696969697,
      182.50510096843118
    ],
    [
      724.6666666666666,
      184.9510208730726
    ],
    [
      729.6363636363636,
      187.5895637684664
    ],
    [
      734.6060606060606,
      190.42072965461284
    ],
    [
      739.5757575757575,
      193.44451853151168
    ],
    [
      744.5454545454545,
      196.6609303991629
    ],
    [
      749.5151515151515,
      200.069965257567
    ],
    [
      754.4848484848485,
      203.67162310672325
    ],
    [
      759.4545454545455,
      207.46590394663212
    ],
    [
      764.4242424242425,
      211.45280777729363
    ],
    [
      769.3939393939394,
      215.63233459870753
    ],
    [
      774.3636363636364,
      220.00448441087383
    ],
    [
      779.3333333333333,
      224.56925721379275
    ],
    [
      784.3030303030303,
      229.32665300746407
    ],
    [
      789.2727272727273,
      234.27667179188802
    ],
    [
      794.2424242424242,
      239.4193135670646
    ],
    [
      799.2121212121212,
      244.7545783329938
    ],
    [
      804.1818181818182,
      250.28246608967538
    ],
    [
      809.1515151515151,
      256.00297683710914
    ],
    [
      814.1212121212121,
      261.91611057529553
    ],
    [
      819.090909090909,
      268.02186730423455
    ],
    [
      824.060606060606,
      274.32024702392596
    ],
    [
      829.030303030303,
      280.81124973437
    ],
    [
      834.0,
      287.4948754355664
    ],
    [
      838.969696969697,
      294.3711241275155
    ],
    [
      843.939393939394,
      301.43999581021694
    ],
    [
      848.909090909091,
      308.701490483671
    ],
    [
      853.8787878787879,
      316.1556081478773
    ],
    [
      858.8484848484849,
      323.8023488028364
    ],
    [
      863.8181818181818,
      331.64171244854765
    ],
    [
      868.7878787878788,
      339.67369908501155
    ],
    [
      873.7575757575758,
      347.8983087122283
    ],
    [
      878.7272727272727,
      356.3155413301972
    ],
    [
      883.6969696969697,
      364.9253969389192
    ],
    [
      888.6666666666667,
      373.72787553839316
    ],
    [
      893.6363636363636,
      382.7229771286195
    ],
    [
      898.6060606060606,
      391.9107017095987
    ],
    [
      903.5757575757575,
      401.29104928133006
    ],
    [
      908.5454545454545,
      410.86401984381405
    ],
    [
      913.5151515151515,
      420.62961339705066
    ],
    [
      918.4848484848485,
      430.5878299410397
    ],
    [
      923.4545454545455,
      440.7386694757813
    ],
    [
      928.4242424242425,
      451.08213200127534
    ],
    [
      933.3939393939394,
      461.61821751752177
    ],
    [
      938.3636363636364,
      472.3469260245208
    ],
    [
      943.3333333333333,
      483.26825752227205
    ],
    [
      948.3030303030303,
      494.38221201077636
    ],
    [
      953.2727272727273,
      505.68878949003283
    ],
    [
      958.2424242424242,
      517.1879899600419
    ],
    [
      963.2121212121212,
      528.8798134208037
    ],
    [
      968.1818181818182,
      540.7642598723182
    ],
    [
      973.1515151515151,
      552.8413293145845
    ],
    [
      978.1212121212121,
      565.1110217476037
    ],
    [
      983.0909090909091,
      577.5733371713752
    ],
    [
      988.060606060606,
      590.2282755858992
    ],
    [
      993.030303030303,
      603.075836991176
    ],
    [
      998.0,
      616.1160213872049
    ]
  ],
  "parabola_params": [
    0.003899584267725257,
    -5.140250903157802,
    1862.0848937472642
  ]
}