{
  "original_points": [
    [
      988,
      687
    ],
    [
      1033,
      589
    ],
    [
      1036,
      588
    ],
    [
      1036,
      583
    ],
    [
      1031,
      568
    ],
    [
      1013,
      506
    ],
    [
      1000,
      477
    ],
    [
      989,
      448
    ],
    [
      976,
      416
    ],
    [
      963,
      388
    ],
    [
      990,
      676
    ],
    [
      950,
      363
    ],
    [
      936,
      339
    ],
    [
      922,
      314
    ],
    [
      910,
      293
    ],
    [
      894,
      273
    ],
    [
      879,
      255
    ],
    [
      865,
      239
    ],
    [
      851,
      222
    ],
    [
      836,
      210
    ],
    [
      819,
      198
    ],
    [
      992,
      659
    ],
    [
      803,
      189
    ],
    [
      787,
      183
    ],
    [
      770,
      177
    ],
    [
      753,
      172
    ],
    [
      733,
      170
    ],
    [
      714,
      173
    ],
    [
      697,
      178
    ],
    [
      677,
      181
    ],
    [
      656,
      191
    ],
    [
      636,
      202
    ],
    [
      993,
      643
    ],
    [
      615,
      215
    ],
    [
      594,
      232
    ],
    [
      998,
      628
    ],
    [
      1004,
      614
    ],
    [
      1014,
      603
    ],
    [
      1018,
      597
    ],
    [
      1025,
      591
    ]
  ],
  "trajectory": [
    [
      594.0,
      250.03953312379326
    ],
    [
      598.4646464646464,
      244.0453629033541
    ],
    [
      602.929292929293,
      238.2536312221373
    ],
    [
      607.3939393939394,
      232.66433808014244
    ],
    [
      611.8585858585859,
      227.27748347736906
    ],
    [
      616.3232323232323,
      222.0930674138176
    ],
    [
      620.7878787878788,
      217.11108988948854
    ],
    [
      625.2525252525253,
      212.3315509043805
    ],
    [
      629.7171717171717,
      207.75445045849483
    ],
    [
      634.1818181818181,
      203.3797885518311
    ],
    [
      638.6464646464647,
      199.20756518438884
    ],
    [
      643.1111111111111,
      195.23778035616897
    ],
    [
      647.5757575757576,
      191.47043406717012
    ],
    [
      652.040404040404,
      187.90552631739365
    ],
    [
      656.5050505050505,
      184.5430571068382
    ],
    [
      660.969696969697,
      181.3830264355056
    ],
    [
      665.4343434343434,
      178.425434303394
    ],
    [
      669.8989898989898,
      175.6702807105048
    ],
    [
      674.3636363636364,
      173.1175656568371
    ],
    [
      678.8282828282828,
      170.76728914239175
    ],
    [
      683.2929292929293,
      168.61945116716743
    ],
    [
      687.7575757575758,
      166.6740517311655
    ],
    [
      692.2222222222222,
      164.9310908343855
    ],
    [
      696.6868686868687,
      163.39056847682696
    ],
    [
      701.1515151515151,
      162.0524846584899
    ],
    [
      705.6161616161617,
      160.9168393793757
    ],
    [
      710.0808080808081,
      159.9836326394825
    ],
    [
      714.5454545454545,
      159.25286443881123
    ],
    [
      719.010101010101,
      158.72453477736235
    ],
    [
      723.4747474747475,
      158.3986436551345
    ],
    [
      727.939393939394,
      158.27519107212902
    ],
    [
      732.4040404040404,
      158.35417702834548
    ],
    [
      736.8686868686868,
      158.6356015237834
    ],
    [
      741.3333333333334,
      159.11946455844281
    ],
    [
      745.7979797979798,
      159.8057661323246
    ],
    [
      750.2626262626263,
      160.69450624542833
    ],
    [
      754.7272727272727,
      161.78568489775353
    ],
    [
      759.1919191919192,
      163.07930208930065
    ],
    [
      763.6565656565656,
      164.5753578200697
    ],
    [
      768.1212121212121,
      166.27385209006025
    ],
    [
      772.5858585858585,
      168.1747848992727
    ],
    [
      777.0505050505051,
      170.27815624770756
    ],
    [
      781.5151515151515,
      172.58396613536388
    ],
    [
      785.9797979797979,
      175.09221456224168
    ],
    [
      790.4444444444445,
      177.80290152834186
    ],
    [
      794.9090909090909,
      180.71602703366398
    ],
    [
      799.3737373737374,
      183.8315910782071
    ],
    [
      803.8383838383838,
      187.14959366197218
    ],
    [
      808.3030303030303,
      190.67003478495963
    ],
    [
      812.7676767676768,
      194.39291444716855
    ],
    [
      817.2323232323232,
      198.31823264859986
    ],
    [
      821.6969696969697,
      202.44598938925265
    ],
    [
      826.1616161616162,
      206.77618466912736
    ],
    [
      830.6262626262626,
      211.3088184882231
    ],
    [
      835.0909090909091,
      216.04389084654213
    ],
    [
      839.5555555555555,
      220.98140174408127
    ],
    [
      844.0202020202021,
      226.12135118084325
    ],
    [
      848.4848484848485,
      231.46373915682716
    ],
    [
      852.9494949494949,
      237.008565672033
    ],
    [
      857.4141414141413,
      242.75583072645986
    ],
    [
      861.8787878787879,
      248.70553432010956
    ],
    [
      866.3434343434344,
      254.8576764529803
    ],
    [
      870.8080808080808,
      261.2122571250725
    ],
    [
      875.2727272727273,
      267.7692763363875
    ],
    [
      879.7373737373737,
      274.52873408692403
    ],
    [
      884.2020202020202,
      281.4906303766825
    ],
    [
      888.6666666666667,
      288.6549652056624
    ],
    [
      893.1313131313132,
      296.0217385738647
    ],
    [
      897.5959595959596,
      303.590950481288
    ],
    [
      902.060606060606,
      311.3626009279337
    ],
    [
      906.5252525252525,
      319.3366899138009
    ],
    [
      910.989898989899,
      327.5132174388905
    ],
    [
      915.4545454545455,
      335.8921835032015
    ],
    [
      919.9191919191919,
      344.4735881067345
    ],
    [
      924.3838383838383,
      353.25743124948895
    ],
    [
      928.8484848484848,
      362.2437129314658
    ],
    [
      933.3131313131313,
      371.4324331526641
    ],
    [
      937.7777777777778,
      380.8235919130839
    ],
    [
      942.2424242424242,
      390.4171892127265
    ],
    [
      946.7070707070707,
      400.2132250515906
    ],
    [
      951.1717171717171,
      410.2116994296757
    ],
    [
      955.6363636363636,
      420.41261234698277
    ],
    [
      960.1010101010102,
      430.8159638035131
    ],
    [
      964.5656565656566,
      441.42175379926357
    ],
    [
      969.030303030303,
      452.22998233423687
    ],
    [
      973.4949494949494,
      463.2406494084312
    ],
    [
      977.959595959596,
      474.45375502184834
    ],
    [
      982.4242424242425,
      485.86929917448697
    ],
    [
      986.8888888888889,
      497.48728186634753
    ],
    [
      991.3535353535353,
      509.3077030974291
    ],
    [
      995.8181818181818,
      521.3305628677331
    ],
    [
      1000.2828282828283,
      533.555861177259
    ],
    [
      1004.7474747474747,
      545.9835980260068
    ],
    [
      1009.2121212121212,
      558.6137734139761
    ],
    [
      1013.6767676767677,
      571.4463873411669
    ],
    [
      1018.1414141414141,
      584.48143980758
    ],
    [
      1022.6060606060606,
      597.7189308132151
    ],
    [
      1027.0707070707072,
      611.1588603580726
    ],
    [
      1031.5353535353536,
      624.8012284421507
    ],
    [
      1036.0,
      638.6460350654511
    ]
  ],
  "parabola_params": [
    0.005077957358861207,
    -7.397870264306532,
    2852.68830745072
  ]
}