{"original_points": [[972, 585], [915, 414], [903, 389], [889, 361], [877, 339], [866, 315], [850, 295], [833, 277], [820, 259], [806, 245], [790, 233], [974, 584], [775, 222], [759, 212], [742, 206], [726, 199], [710, 195], [693, 195], [676, 198], [658, 201], [639, 207], [620, 216], [974, 580], [601, 226], [583, 239], [106, 388], [106, 388], [106, 388]], "parabola_params": [0.0013887171229787498, -1.4445031376241946, 527.4939497222728], "trajectory": [[903, 355], [889, 340], [877, 328], [866, 318], [850, 303], [833, 287], [820, 276], [806, 265], [790, 253], [759, 231], [742, 220], [726, 210], [710, 201], [693, 193], [676, 185], [658, 178], [639, 171], [106, 389], [106, 389]]}