{
  "original_points": [
    [
      929,
      679
    ],
    [
      981,
      583
    ],
    [
      979,
      572
    ],
    [
      971,
      550
    ],
    [
      951,
      491
    ],
    [
      938,
      461
    ],
    [
      926,
      433
    ],
    [
      913,
      405
    ],
    [
      900,
      380
    ],
    [
      885,
      355
    ],
    [
      931,
      660
    ],
    [
      871,
      330
    ],
    [
      856,
      309
    ],
    [
      843,
      292
    ],
    [
      828,
      274
    ],
    [
      813,
      258
    ],
    [
      799,
      244
    ],
    [
      783,
      234
    ],
    [
      767,
      222
    ],
    [
      752,
      214
    ],
    [
      734,
      211
    ],
    [
      936,
      641
    ],
    [
      718,
      207
    ],
    [
      700,
      206
    ],
    [
      683,
      207
    ],
    [
      664,
      209
    ],
    [
      646,
      213
    ],
    [
      628,
      220
    ],
    [
      608,
      232
    ],
    [
      588,
      245
    ]
  ],
  "trajectory": [
    [
      588.0,
      254.95548617543272
    ],
    [
      591.969696969697,
      250.73145362263722
    ],
    [
      595.939393939394,
      246.6667465294786
    ],
    [
      599.9090909090909,
      242.76136489595865
    ],
    [
      603.8787878787879,
      239.0153087220756
    ],
    [
      607.8484848484849,
      235.4285780078303
    ],
    [
      611.8181818181819,
      232.00117275322282
    ],
    [
      615.7878787878788,
      228.73309295825356
    ],
    [
      619.7575757575758,
      225.6243386229212
    ],
    [
      623.7272727272727,
      222.6749097472266
    ],
    [
      627.6969696969697,
      219.88480633116978
    ],
    [
      631.6666666666666,
      217.25402837475076
    ],
    [
      635.6363636363636,
      214.78257587796952
    ],
    [
      639.6060606060606,
      212.4704488408256
    ],
    [
      643.5757575757576,
      210.3176472633195
    ],
    [
      647.5454545454545,
      208.32417114545115
    ],
    [
      651.5151515151515,
      206.4900204872206
    ],
    [
      655.4848484848485,
      204.81519528862782
    ],
    [
      659.4545454545455,
      203.29969554967238
    ],
    [
      663.4242424242424,
      201.94352127035427
    ],
    [
      667.3939393939394,
      200.7466724506744
    ],
    [
      671.3636363636364,
      199.70914909063185
    ],
    [
      675.3333333333334,
      198.8309511902271
    ],
    [
      679.3030303030303,
      198.11207874946012
    ],
    [
      683.2727272727273,
      197.55253176833094
    ],
    [
      687.2424242424242,
      197.15231024683908
    ],
    [
      691.2121212121212,
      196.911414184985
    ],
    [
      695.1818181818182,
      196.82984358276872
    ],
    [
      699.1515151515151,
      196.9075984401902
    ],
    [
      703.1212121212121,
      197.14467875724904
    ],
    [
      707.0909090909091,
      197.54108453394565
    ],
    [
      711.060606060606,
      198.09681577028005
    ],
    [
      715.030303030303,
      198.81187246625177
    ],
    [
      719.0,
      199.68625462186128
    ],
    [
      722.969696969697,
      200.71996223710858
    ],
    [
      726.939393939394,
      201.91299531199365
    ],
    [
      730.9090909090909,
      203.26535384651606
    ],
    [
      734.8787878787879,
      204.7770378406767
    ],
    [
      738.8484848484849,
      206.4480472944747
    ],
    [
      742.8181818181818,
      208.27838220791
    ],
    [
      746.7878787878788,
      210.26804258098355
    ],
    [
      750.7575757575758,
      212.41702841369488
    ],
    [
      754.7272727272727,
      214.72533970604354
    ],
    [
      758.6969696969697,
      217.19297645802953
    ],
    [
      762.6666666666666,
      219.81993866965377
    ],
    [
      766.6363636363636,
      222.60622634091533
    ],
    [
      770.6060606060606,
      225.55183947181467
    ],
    [
      774.5757575757575,
      228.6567780623518
    ],
    [
      778.5454545454545,
      231.92104211252627
    ],
    [
      782.5151515151515,
      235.3446316223385
    ],
    [
      786.4848484848485,
      238.92754659178854
    ],
    [
      790.4545454545455,
      242.66978702087636
    ],
    [
      794.4242424242425,
      246.5713529096015
    ],
    [
      798.3939393939394,
      250.63224425796443
    ],
    [
      802.3636363636364,
      254.8524610659656
    ],
    [
      806.3333333333334,
      259.23200333360364
    ],
    [
      810.3030303030303,
      263.7708710608795
    ],
    [
      814.2727272727273,
      268.46906424779354
    ],
    [
      818.2424242424242,
      273.3265828943445
    ],
    [
      822.2121212121212,
      278.3434270005341
    ],
    [
      826.1818181818182,
      283.5195965663602
    ],
    [
      830.1515151515151,
      288.8550915918245
    ],
    [
      834.1212121212121,
      294.349912076927
    ],
    [
      838.0909090909091,
      300.0040580216664
    ],
    [
      842.060606060606,
      305.8175294260436
    ],
    [
      846.030303030303,
      311.79032629005906
    ],
    [
      850.0,
      317.92244861371137
    ],
    [
      853.969696969697,
      324.2138963970019
    ],
    [
      857.939393939394,
      330.6646696399298
    ],
    [
      861.909090909091,
      337.2747683424959
    ],
    [
      865.8787878787879,
      344.0441925046989
    ],
    [
      869.8484848484849,
      350.9729421265397
    ],
    [
      873.8181818181818,
      358.06101720801826
    ],
    [
      877.7878787878788,
      365.30841774913506
    ],
    [
      881.7575757575758,
      372.71514374988965
    ],
    [
      885.7272727272727,
      380.2811952102811
    ],
    [
      889.6969696969697,
      388.0065721303108
    ],
    [
      893.6666666666667,
      395.8912745099774
    ],
    [
      897.6363636363636,
      403.9353023492822
    ],
    [
      901.6060606060606,
      412.1386556482248
    ],
    [
      905.5757575757575,
      420.50133440680474
    ],
    [
      909.5454545454545,
      429.023338625022
    ],
    [
      913.5151515151515,
      437.70466830287796
    ],
    [
      917.4848484848485,
      446.5453234403708
    ],
    [
      921.4545454545455,
      455.54530403750186
    ],
    [
      925.4242424242425,
      464.7046100942698
    ],
    [
      929.3939393939394,
      474.023241610676
    ],
    [
      933.3636363636364,
      483.50119858671997
    ],
    [
      937.3333333333333,
      493.13848102240127
    ],
    [
      941.3030303030303,
      502.9350889177199
    ],
    [
      945.2727272727273,
      512.8910222726772
    ],
    [
      949.2424242424242,
      523.006281087271
    ],
    [
      953.2121212121212,
      533.2808653615039
    ],
    [
      957.1818181818182,
      543.7147750953741
    ],
    [
      961.1515151515151,
      554.3080102888803
    ],
    [
      965.1212121212121,
      565.0605709420261
    ],
    [
      969.0909090909091,
      575.9724570548092
    ],
    [
      973.060606060606,
      587.0436686272283
    ],
    [
      977.030303030303,
      598.274205659287
    ],
    [
      981.0,
      609.6640681509832
    ]
  ],
  "parabola_params": [
    0.005055224798829359,
    -7.029081343013264,
    2640.2416730207738
  ]
}