{"original_points": [[988, 681], [1034, 588], [1030, 578], [1027, 561], [1005, 499], [992, 467], [981, 437], [967, 408], [955, 380], [942, 355], [988, 664], [928, 330], [914, 304], [899, 283], [884, 266], [871, 247], [854, 231], [838, 216], [823, 204], [805, 192], [788, 185], [990, 647], [774, 179], [756, 172], [736, 168], [716, 168], [699, 171], [678, 177], [658, 182], [639, 190], [618, 202], [595, 219], [996, 629], [569, 233], [1002, 616], [1017, 598], [1026, 593], [1030, 590], [618, 202], [594, 219], [569, 234], [569, 234]], "parabola_params": [0.00434058298310564, -6.2372484967802375, 2395.935993230523], "trajectory": [[1030, 576], [1027, 568], [1005, 511], [992, 479], [981, 454], [967, 423], [955, 398], [942, 372], [914, 321], [899, 296], [884, 274], [871, 256], [854, 234], [838, 217], [823, 202], [805, 187], [788, 176], [756, 161], [736, 156], [716, 155], [699, 156], [678, 162], [658, 171], [639, 182], [618, 199], [595, 221], [1017, 542], [1026, 565], [1030, 576], [594, 222], [569, 252], [569, 252]]}