{"original_points": [[949, 683], [993, 588], [997, 585], [998, 579], [995, 574], [991, 555], [967, 493], [952, 462], [939, 433], [924, 405], [950, 675], [908, 378], [894, 352], [878, 327], [865, 303], [847, 283], [830, 263], [816, 247], [798, 233], [780, 217], [763, 208], [950, 659], [744, 196], [723, 188], [705, 184], [686, 182], [666, 181], [644, 182], [623, 186], [600, 193], [578, 198], [556, 211], [954, 641], [531, 225], [506, 241]], "parabola_params": [0.003597965315879087, -4.785064149142737, 1761.851064299629], "trajectory": [[997, 567], [998, 569], [995, 562], [991, 553], [967, 499], [952, 467], [939, 441], [924, 412], [894, 359], [878, 334], [865, 314], [847, 290], [830, 268], [816, 252], [798, 234], [780, 218], [763, 205], [723, 183], [705, 176], [686, 172], [666, 170], [644, 172], [623, 177], [600, 186], [578, 198], [556, 213], [506, 261]]}