{"original_points": [[1013, 689], [1028, 666], [1028, 665], [1027, 664], [1027, 661], [1024, 660], [1022, 660], [1020, 659], [1017, 659], [1012, 659], [1008, 659], [1016, 683], [1000, 661], [996, 664], [992, 665], [986, 669], [981, 673], [976, 679], [971, 681], [968, 682], [964, 685], [961, 681], [1017, 679], [958, 679], [957, 668], [957, 659], [960, 644], [963, 629], [968, 614], [976, 603], [985, 595], [993, 590], [1000, 589], [1021, 676], [1005, 587], [107, 388], [1003, 575], [997, 558], [989, 533], [979, 496], [966, 466], [951, 437], [938, 407], [925, 380], [1022, 671], [909, 354], [895, 328], [879, 305], [866, 282], [851, 265], [835, 247], [820, 231], [804, 216], [788, 208], [771, 194], [1023, 669], [754, 186], [734, 180], [717, 178], [698, 177], [680, 178], [660, 180], [641, 184], [620, 191], [598, 200], [577, 213], [1026, 667], [556, 226], [105, 388], [105, 387], [525, 239], [525, 235], [525, 234], [524, 234], [523, 234], [522, 237], [522, 241], [1028, 667], [106, 387], [516, 262]], "parabola_params": [0.002894435874483356, -3.5225937865842814, 1251.4799662006515], "trajectory": [[1013, 653], [1028, 689], [1028, 689], [1027, 686], [1027, 686], [1024, 679], [1022, 674], [1020, 669], [1017, 662], [1012, 650], [1008, 641], [1016, 660], [1000, 623], [1017, 662], [976, 570], [985, 589], [993, 607], [1021, 672], [698, 202], [680, 194], [660, 187], [641, 182], [620, 180], [598, 180]]}