{
  "original_points": [
    [
      981,
      684
    ],
    [
      1031,
      589
    ],
    [
      1036,
      587
    ],
    [
      1038,
      587
    ],
    [
      1034,
      580
    ],
    [
      1016,
      541
    ],
    [
      1006,
      505
    ],
    [
      992,
      475
    ],
    [
      976,
      443
    ],
    [
      962,
      413
    ],
    [
      982,
      674
    ],
    [
      947,
      386
    ],
    [
      932,
      360
    ],
    [
      916,
      334
    ],
    [
      900,
      309
    ],
    [
      883,
      290
    ],
    [
      870,
      271
    ],
    [
      849,
      251
    ],
    [
      832,
      236
    ],
    [
      816,
      222
    ],
    [
      796,
      211
    ],
    [
      983,
      659
    ],
    [
      779,
      201
    ],
    [
      759,
      192
    ],
    [
      738,
      187
    ],
    [
      721,
      183
    ],
    [
      701,
      180
    ],
    [
      678,
      182
    ],
    [
      659,
      183
    ],
    [
      637,
      189
    ],
    [
      613,
      195
    ],
    [
      591,
      207
    ],
    [
      987,
      645
    ],
    [
      567,
      217
    ],
    [
      543,
      235
    ],
    [
      540,
      245
    ]
  ],
  "trajectory": [
    [
      540.0,
      249.11977280469205
    ],
    [
      545.030303030303,
      243.78339214468383
    ],
    [
      550.060606060606,
      238.63367822835426
    ],
    [
      555.0909090909091,
      233.67063105570264
    ],
    [
      560.1212121212121,
      228.89425062673013
    ],
    [
      565.1515151515151,
      224.30453694143625
    ],
    [
      570.1818181818181,
      219.9014899998208
    ],
    [
      575.2121212121212,
      215.68510980188353
    ],
    [
      580.2424242424242,
      211.65539634762513
    ],
    [
      585.2727272727273,
      207.81234963704537
    ],
    [
      590.3030303030303,
      204.15596967014403
    ],
    [
      595.3333333333334,
      200.68625644692133
    ],
    [
      600.3636363636364,
      197.40320996737682
    ],
    [
      605.3939393939394,
      194.30683023151119
    ],
    [
      610.4242424242424,
      191.3971172393242
    ],
    [
      615.4545454545455,
      188.6740709908156
    ],
    [
      620.4848484848485,
      186.13769148598544
    ],
    [
      625.5151515151515,
      183.78797872483392
    ],
    [
      630.5454545454545,
      181.62493270736104
    ],
    [
      635.5757575757576,
      179.6485534335668
    ],
    [
      640.6060606060606,
      177.85884090345075
    ],
    [
      645.6363636363636,
      176.25579511701358
    ],
    [
      650.6666666666666,
      174.8394160742548
    ],
    [
      655.6969696969697,
      173.6097037751747
    ],
    [
      660.7272727272727,
      172.56665821977322
    ],
    [
      665.7575757575758,
      171.71027940804993
    ],
    [
      670.7878787878788,
      171.0405673400055
    ],
    [
      675.8181818181818,
      170.5575220156395
    ],
    [
      680.8484848484849,
      170.26114343495215
    ],
    [
      685.8787878787879,
      170.1514315979432
    ],
    [
      690.9090909090909,
      170.2283865046129
    ],
    [
      695.939393939394,
      170.49200815496124
    ],
    [
      700.969696969697,
      170.942296548988
    ],
    [
      706.0,
      171.57925168669317
    ],
    [
      711.030303030303,
      172.40287356807698
    ],
    [
      716.060606060606,
      173.41316219313967
    ],
    [
      721.0909090909091,
      174.61011756188077
    ],
    [
      726.1212121212121,
      175.9937396743003
    ],
    [
      731.1515151515151,
      177.56402853039822
    ],
    [
      736.1818181818182,
      179.3209841301748
    ],
    [
      741.2121212121212,
      181.26460647363024
    ],
    [
      746.2424242424242,
      183.39489556076387
    ],
    [
      751.2727272727273,
      185.71185139157592
    ],
    [
      756.3030303030303,
      188.21547396606684
    ],
    [
      761.3333333333334,
      190.9057632842364
    ],
    [
      766.3636363636364,
      193.78271934608438
    ],
    [
      771.3939393939394,
      196.846342151611
    ],
    [
      776.4242424242425,
      200.0966317008158
    ],
    [
      781.4545454545455,
      203.53358799369948
    ],
    [
      786.4848484848485,
      207.1572110302618
    ],
    [
      791.5151515151515,
      210.96750081050254
    ],
    [
      796.5454545454545,
      214.96445733442147
    ],
    [
      801.5757575757575,
      219.14808060201926
    ],
    [
      806.6060606060606,
      223.51837061329593
    ],
    [
      811.6363636363636,
      228.07532736825078
    ],
    [
      816.6666666666667,
      232.81895086688405
    ],
    [
      821.6969696969697,
      237.7492411091962
    ],
    [
      826.7272727272727,
      242.86619809518675
    ],
    [
      831.7575757575758,
      248.16982182485594
    ],
    [
      836.7878787878788,
      253.66011229820379
    ],
    [
      841.8181818181818,
      259.3370695152296
    ],
    [
      846.8484848484849,
      265.2006934759345
    ],
    [
      851.8787878787879,
      271.250984180318
    ],
    [
      856.909090909091,
      277.48794162838
    ],
    [
      861.939393939394,
      283.91156582012013
    ],
    [
      866.969696969697,
      290.52185675553915
    ],
    [
      872.0,
      297.3188144346368
    ],
    [
      877.030303030303,
      304.3024388574129
    ],
    [
      882.060606060606,
      311.47273002386714
    ],
    [
      887.090909090909,
      318.8296879340003
    ],
    [
      892.1212121212121,
      326.3733125878123
    ],
    [
      897.1515151515151,
      334.1036039853027
    ],
    [
      902.1818181818182,
      342.0205621264713
    ],
    [
      907.2121212121212,
      350.1241870113188
    ],
    [
      912.2424242424242,
      358.4144786398447
    ],
    [
      917.2727272727273,
      366.8914370120492
    ],
    [
      922.3030303030303,
      375.5550621279324
    ],
    [
      927.3333333333333,
      384.4053539874935
    ],
    [
      932.3636363636364,
      393.442312590734
    ],
    [
      937.3939393939394,
      402.66593793765287
    ],
    [
      942.4242424242425,
      412.0762300282504
    ],
    [
      947.4545454545455,
      421.67318886252565
    ],
    [
      952.4848484848485,
      431.45681444048
    ],
    [
      957.5151515151515,
      441.427106762113
    ],
    [
      962.5454545454545,
      451.5840658274244
    ],
    [
      967.5757575757575,
      461.92769163641447
    ],
    [
      972.6060606060606,
      472.45798418908294
    ],
    [
      977.6363636363636,
      483.17494348543005
    ],
    [
      982.6666666666667,
      494.07856952545603
    ],
    [
      987.6969696969697,
      505.16886230916043
    ],
    [
      992.7272727272727,
      516.4458218365426
    ],
    [
      997.7575757575758,
      527.909448107604
    ],
    [
      1002.7878787878788,
      539.5597411223439
    ],
    [
      1007.8181818181818,
      551.3967008807624
    ],
    [
      1012.8484848484849,
      563.4203273828591
    ],
    [
      1017.8787878787879,
      575.6306206286347
    ],
    [
      1022.9090909090909,
      588.0275806180889
    ],
    [
      1027.939393939394,
      600.6112073512218
    ],
    [
      1032.969696969697,
      613.381500828033
    ],
    [
      1038.0,
      626.3384610485223
    ]
  ],
  "parabola_params": [
    0.003688490417076903,
    -5.062970632677814,
    1907.5601088310868
  ]
}