{
  "original_points": [
    [
      953,
      678
    ],
    [
      1017,
      582
    ],
    [
      1014,
      575
    ],
    [
      997,
      541
    ],
    [
      984,
      506
    ],
    [
      966,
      477
    ],
    [
      949,
      449
    ],
    [
      931,
      422
    ],
    [
      914,
      395
    ],
    [
      954,
      661
    ],
    [
      894,
      371
    ],
    [
      878,
      348
    ],
    [
      857,
      328
    ],
    [
      839,
      309
    ],
    [
      818,
      292
    ],
    [
      798,
      277
    ],
    [
      777,
      265
    ],
    [
      756,
      252
    ],
    [
      735,
      244
    ],
    [
      714,
      236
    ],
    [
      958,
      640
    ],
    [
      692,
      234
    ],
    [
      668,
      230
    ],
    [
      648,
      230
    ],
    [
      622,
      232
    ],
    [
      599,
      238
    ],
    [
      577,
      243
    ]
  ],
  "trajectory": [
    [
      577.0,
      245.676138779035
    ],
    [
      581.4444444444445,
      243.5346878503126
    ],
    [
      585.8888888888889,
      241.5124606735053
    ],
    [
      590.3333333333334,
      239.60945724861335
    ],
    [
      594.7777777777778,
      237.82567757563675
    ],
    [
      599.2222222222222,
      236.16112165457525
    ],
    [
      603.6666666666666,
      234.6157894854291
    ],
    [
      608.1111111111111,
      233.1896810681983
    ],
    [
      612.5555555555555,
      231.88279640288283
    ],
    [
      617.0,
      230.69513548948248
    ],
    [
      621.4444444444445,
      229.62669832799747
    ],
    [
      625.8888888888889,
      228.67748491842758
    ],
    [
      630.3333333333334,
      227.84749526077326
    ],
    [
      634.7777777777778,
      227.13672935503382
    ],
    [
      639.2222222222222,
      226.54518720121018
    ],
    [
      643.6666666666666,
      226.07286879930166
    ],
    [
      648.1111111111111,
      225.71977414930825
    ],
    [
      652.5555555555555,
      225.48590325123018
    ],
    [
      657.0,
      225.37125610506746
    ],
    [
      661.4444444444445,
      225.37583271081985
    ],
    [
      665.8888888888889,
      225.4996330684878
    ],
    [
      670.3333333333334,
      225.74265717807089
    ],
    [
      674.7777777777778,
      226.1049050395693
    ],
    [
      679.2222222222222,
      226.58637665298306
    ],
    [
      683.6666666666666,
      227.18707201831194
    ],
    [
      688.1111111111111,
      227.90699113555615
    ],
    [
      692.5555555555555,
      228.7461340047155
    ],
    [
      697.0,
      229.70450062579062
    ],
    [
      701.4444444444445,
      230.78209099878063
    ],
    [
      705.8888888888889,
      231.978905123686
    ],
    [
      710.3333333333334,
      233.29494300050646
    ],
    [
      714.7777777777778,
      234.73020462924228
    ],
    [
      719.2222222222222,
      236.28469000989367
    ],
    [
      723.6666666666667,
      237.9583991424604
    ],
    [
      728.1111111111111,
      239.75133202694178
    ],
    [
      732.5555555555555,
      241.66348866333897
    ],
    [
      737.0,
      243.69486905165127
    ],
    [
      741.4444444444445,
      245.84547319187914
    ],
    [
      745.8888888888889,
      248.1153010840219
    ],
    [
      750.3333333333334,
      250.50435272808
    ],
    [
      754.7777777777778,
      253.01262812405344
    ],
    [
      759.2222222222222,
      255.64012727194245
    ],
    [
      763.6666666666667,
      258.3868501717466
    ],
    [
      768.1111111111111,
      261.2527968234656
    ],
    [
      772.5555555555555,
      264.23796722710017
    ],
    [
      777.0,
      267.34236138264987
    ],
    [
      781.4444444444445,
      270.56597929011537
    ],
    [
      785.8888888888889,
      273.90882094949575
    ],
    [
      790.3333333333334,
      277.3708863607915
    ],
    [
      794.7777777777778,
      280.95217552400254
    ],
    [
      799.2222222222222,
      284.65268843912895
    ],
    [
      803.6666666666667,
      288.4724251061705
    ],
    [
      808.1111111111111,
      292.4113855251271
    ],
    [
      812.5555555555555,
      296.4695696959993
    ],
    [
      817.0,
      300.64697761878665
    ],
    [
      821.4444444444445,
      304.94360929348977
    ],
    [
      825.8888888888889,
      309.35946472010755
    ],
    [
      830.3333333333334,
      313.8945438986409
    ],
    [
      834.7777777777778,
      318.54884682908937
    ],
    [
      839.2222222222222,
      323.3223735114532
    ],
    [
      843.6666666666667,
      328.21512394573256
    ],
    [
      848.1111111111111,
      333.2270981319266
    ],
    [
      852.5555555555555,
      338.35829607003643
    ],
    [
      857.0,
      343.60871776006115
    ],
    [
      861.4444444444445,
      348.9783632020019
    ],
    [
      865.8888888888889,
      354.4672323958573
    ],
    [
      870.3333333333334,
      360.07532534162806
    ],
    [
      874.7777777777778,
      365.80264203931415
    ],
    [
      879.2222222222222,
      371.6491824889156
    ],
    [
      883.6666666666667,
      377.61494669043236
    ],
    [
      888.1111111111111,
      383.699934643864
    ],
    [
      892.5555555555555,
      389.90414634921126
    ],
    [
      897.0,
      396.22758180647384
    ],
    [
      901.4444444444445,
      402.67024101565175
    ],
    [
      905.8888888888889,
      409.2321239767448
    ],
    [
      910.3333333333334,
      415.91323068975316
    ],
    [
      914.7777777777778,
      422.7135611546769
    ],
    [
      919.2222222222222,
      429.6331153715157
    ],
    [
      923.6666666666667,
      436.6718933402701
    ],
    [
      928.1111111111111,
      443.8298950609394
    ],
    [
      932.5555555555555,
      451.10712053352404
    ],
    [
      937.0,
      458.503569758024
    ],
    [
      941.4444444444445,
      466.0192427344398
    ],
    [
      945.8888888888889,
      473.65413946277044
    ],
    [
      950.3333333333334,
      481.4082599430162
    ],
    [
      954.7777777777778,
      489.28160417517734
    ],
    [
      959.2222222222222,
      497.274172159254
    ],
    [
      963.6666666666667,
      505.3859638952458
    ],
    [
      968.1111111111111,
      513.6169793831526
    ],
    [
      972.5555555555557,
      521.9672186229752
    ],
    [
      977.0,
      530.4366816147124
    ],
    [
      981.4444444444445,
      539.0253683583657
    ],
    [
      985.8888888888889,
      547.7332788539338
    ],
    [
      990.3333333333334,
      556.5604131014172
    ],
    [
      994.7777777777778,
      565.5067711008159
    ],
    [
      999.2222222222222,
      574.5723528521299
    ],
    [
      1003.6666666666667,
      583.7571583553595
    ],
    [
      1008.1111111111111,
      593.0611876105037
    ],
    [
      1012.5555555555557,
      602.4844406175639
    ],
    [
      1017.0,
      612.0269173765386
    ]
  ],
  "parabola_params": [
    0.003017851220355594,
    -3.9778394393433993,
    1536.1593063384091
  ]
}