{"original_points": [[953, 678], [105, 388], [1017, 582], [1014, 575], [104, 387], [997, 541], [984, 506], [966, 477], [949, 449], [931, 422], [914, 395], [954, 661], [894, 371], [878, 348], [857, 328], [839, 309], [818, 292], [798, 277], [777, 265], [756, 252], [735, 244], [714, 236], [958, 640], [692, 234], [668, 230], [648, 230], [622, 232], [599, 238], [577, 243]], "parabola_params": [0.0027684310643786556, -3.680342735821846, 1450.1735429669966], "trajectory": [[1014, 564], [984, 509], [966, 478], [949, 450], [931, 423], [914, 399], [878, 352], [857, 329], [839, 311], [818, 292], [798, 276], [777, 261], [756, 250], [735, 240], [714, 233], [668, 227], [648, 227], [622, 232], [599, 238], [577, 248]]}