{
  "original_points": [
    [
      992,
      600
    ],
    [
      972,
      483
    ],
    [
      957,
      453
    ],
    [
      942,
      425
    ],
    [
      926,
      394
    ],
    [
      913,
      368
    ],
    [
      897,
      344
    ],
    [
      879,
      321
    ],
    [
      865,
      298
    ],
    [
      848,
      281
    ],
    [
      831,
      260
    ],
    [
      814,
      245
    ],
    [
      796,
      231
    ],
    [
      779,
      220
    ],
    [
      763,
      208
    ],
    [
      741,
      201
    ],
    [
      723,
      195
    ],
    [
      705,
      190
    ],
    [
      684,
      187
    ],
    [
      663,
      187
    ],
    [
      643,
      189
    ],
    [
      621,
      192
    ],
    [
      600,
      198
    ],
    [
      578,
      207
    ],
    [
      558,
      220
    ],
    [
      533,
      234
    ],
    [
      509,
      248
    ]
  ],
  "trajectory": [
    [
      509.0,
      258.89046642440803
    ],
    [
      513.6767676767677,
      254.34343048185792
    ],
    [
      518.3535353535353,
      249.93373201299255
    ],
    [
      523.030303030303,
      245.6613710178126
    ],
    [
      527.7070707070707,
      241.52634749631738
    ],
    [
      532.3838383838383,
      237.5286614485069
    ],
    [
      537.060606060606,
      233.66831287438163
    ],
    [
      541.7373737373738,
      229.94530177394108
    ],
    [
      546.4141414141415,
      226.35962814718596
    ],
    [
      551.0909090909091,
      222.91129199411557
    ],
    [
      555.7676767676768,
      219.60029331473015
    ],
    [
      560.4444444444445,
      216.42663210902992
    ],
    [
      565.1212121212121,
      213.39030837701443
    ],
    [
      569.7979797979798,
      210.4913221186839
    ],
    [
      574.4747474747475,
      207.72967333403858
    ],
    [
      579.1515151515151,
      205.105362023078
    ],
    [
      583.8282828282828,
      202.61838818580236
    ],
    [
      588.5050505050505,
      200.26875182221193
    ],
    [
      593.1818181818181,
      198.05645293230623
    ],
    [
      597.8585858585859,
      195.98149151608595
    ],
    [
      602.5353535353536,
      194.04386757355041
    ],
    [
      607.2121212121212,
      192.24358110469984
    ],
    [
      611.8888888888889,
      190.58063210953424
    ],
    [
      616.5656565656566,
      189.0550205880536
    ],
    [
      621.2424242424242,
      187.66674654025792
    ],
    [
      625.9191919191919,
      186.4158099661472
    ],
    [
      630.5959595959596,
      185.30221086572146
    ],
    [
      635.2727272727273,
      184.32594923898114
    ],
    [
      639.9494949494949,
      183.48702508592532
    ],
    [
      644.6262626262626,
      182.78543840655448
    ],
    [
      649.3030303030303,
      182.22118920086882
    ],
    [
      653.9797979797979,
      181.7942774688679
    ],
    [
      658.6565656565656,
      181.5047032105524
    ],
    [
      663.3333333333333,
      181.35246642592165
    ],
    [
      668.010101010101,
      181.33756711497585
    ],
    [
      672.6868686868687,
      181.4600052777148
    ],
    [
      677.3636363636364,
      181.71978091413894
    ],
    [
      682.040404040404,
      182.11689402424804
    ],
    [
      686.7171717171717,
      182.6513446080421
    ],
    [
      691.3939393939394,
      183.32313266552114
    ],
    [
      696.070707070707,
      184.1322581966856
    ],
    [
      700.7474747474747,
      185.07872120153456
    ],
    [
      705.4242424242424,
      186.1625216800685
    ],
    [
      710.10101010101,
      187.38365963228762
    ],
    [
      714.7777777777778,
      188.7421350581917
    ],
    [
      719.4545454545455,
      190.23794795778053
    ],
    [
      724.1313131313132,
      191.87109833105455
    ],
    [
      728.8080808080808,
      193.64158617801377
    ],
    [
      733.4848484848485,
      195.5494114986575
    ],
    [
      738.1616161616162,
      197.5945742929864
    ],
    [
      742.8383838383838,
      199.7770745610003
    ],
    [
      747.5151515151515,
      202.09691230269914
    ],
    [
      752.1919191919192,
      204.55408751808295
    ],
    [
      756.8686868686868,
      207.14860020715219
    ],
    [
      761.5454545454545,
      209.88045036990593
    ],
    [
      766.2222222222222,
      212.74963800634464
    ],
    [
      770.8989898989898,
      215.75616311646831
    ],
    [
      775.5757575757575,
      218.90002570027718
    ],
    [
      780.2525252525252,
      222.1812257577708
    ],
    [
      784.9292929292928,
      225.59976328894982
    ],
    [
      789.6060606060605,
      229.15563829381358
    ],
    [
      794.2828282828283,
      232.8488507723623
    ],
    [
      798.959595959596,
      236.679400724596
    ],
    [
      803.6363636363636,
      240.64728815051444
    ],
    [
      808.3131313131313,
      244.75251305011807
    ],
    [
      812.989898989899,
      248.99507542340666
    ],
    [
      817.6666666666666,
      253.37497527038022
    ],
    [
      822.3434343434343,
      257.8922125910392
    ],
    [
      827.0202020202021,
      262.5467873853829
    ],
    [
      831.6969696969697,
      267.33869965341137
    ],
    [
      836.3737373737374,
      272.2679493951248
    ],
    [
      841.0505050505051,
      277.3345366105232
    ],
    [
      845.7272727272727,
      282.53846129960675
    ],
    [
      850.4040404040404,
      287.87972346237507
    ],
    [
      855.0808080808081,
      293.35832309882903
    ],
    [
      859.7575757575758,
      298.9742602089673
    ],
    [
      864.4343434343434,
      304.7275347927907
    ],
    [
      869.1111111111111,
      310.6181468502991
    ],
    [
      873.7878787878788,
      316.64609638149227
    ],
    [
      878.4646464646464,
      322.8113833863706
    ],
    [
      883.1414141414141,
      329.11400786493436
    ],
    [
      887.8181818181818,
      335.55396981718263
    ],
    [
      892.4949494949494,
      342.13126924311587
    ],
    [
      897.1717171717171,
      348.84590614273407
    ],
    [
      901.8484848484848,
      355.69788051603746
    ],
    [
      906.5252525252524,
      362.6871923630256
    ],
    [
      911.2020202020201,
      369.8138416836987
    ],
    [
      915.8787878787879,
      377.0778284780572
    ],
    [
      920.5555555555555,
      384.4791527461007
    ],
    [
      925.2323232323232,
      392.0178144878289
    ],
    [
      929.9090909090909,
      399.69381370324186
    ],
    [
      934.5858585858585,
      407.50715039234
    ],
    [
      939.2626262626262,
      415.4578245551231
    ],
    [
      943.939393939394,
      423.54583619159143
    ],
    [
      948.6161616161617,
      431.7711853017445
    ],
    [
      953.2929292929293,
      440.13387188558295
    ],
    [
      957.969696969697,
      448.6338959431059
    ],
    [
      962.6464646464647,
      457.27125747431387
    ],
    [
      967.3232323232323,
      466.045956479207
    ],
    [
      972.0,
      474.9579929577849
    ]
  ],
  "parabola_params": [
    0.0031395504470947523,
    -4.183005688317141,
    1574.6424923940772
  ]
}