{
  "original_points": [
    [
      971,
      678
    ],
    [
      1023,
      579
    ],
    [
      1021,
      567
    ],
    [
      1011,
      545
    ],
    [
      1002,
      510
    ],
    [
      989,
      482
    ],
    [
      976,
      451
    ],
    [
      962,
      420
    ],
    [
      945,
      392
    ],
    [
      930,
      366
    ],
    [
      972,
      660
    ],
    [
      915,
      341
    ],
    [
      900,
      315
    ],
    [
      884,
      292
    ],
    [
      867,
      273
    ],
    [
      850,
      255
    ],
    [
      834,
      237
    ],
    [
      818,
      223
    ],
    [
      796,
      210
    ],
    [
      780,
      203
    ],
    [
      760,
      189
    ],
    [
      976,
      638
    ],
    [
      742,
      183
    ],
    [
      723,
      182
    ],
    [
      704,
      179
    ],
    [
      682,
      178
    ],
    [
      662,
      181
    ],
    [
      640,
      185
    ],
    [
      617,
      191
    ],
    [
      595,
      201
    ],
    [
      573,
      213
    ],
    [
      548,
      226
    ],
    [
      982,
      620
    ],
    [
      520,
      241
    ],
    [
      990,
      605
    ],
    [
      999,
      594
    ],
    [
      1010,
      590
    ],
    [
      596,
      201
    ],
    [
      573,
      213
    ],
    [
      548,
      226
    ],
    [
      520,
      241
    ]
  ],
  "trajectory": [
    [
      520.0,
      263.0231537745458
    ],
    [
      525.0808080808081,
      256.7750240719822
    ],
    [
      530.1616161616162,
      250.7276709744467
    ],
    [
      535.2424242424242,
      244.88109448193904
    ],
    [
      540.3232323232323,
      239.235294594459
    ],
    [
      545.4040404040404,
      233.790271312007
    ],
    [
      550.4848484848485,
      228.54602463458264
    ],
    [
      555.5656565656566,
      223.5025545621861
    ],
    [
      560.6464646464647,
      218.65986109481787
    ],
    [
      565.7272727272727,
      214.01794423247702
    ],
    [
      570.8080808080808,
      209.576803975164
    ],
    [
      575.8888888888889,
      205.33644032287907
    ],
    [
      580.969696969697,
      201.29685327562197
    ],
    [
      586.0505050505051,
      197.45804283339248
    ],
    [
      591.1313131313132,
      193.82000899619106
    ],
    [
      596.2121212121212,
      190.38275176401726
    ],
    [
      601.2929292929293,
      187.14627113687152
    ],
    [
      606.3737373737374,
      184.11056711475362
    ],
    [
      611.4545454545455,
      181.27563969766334
    ],
    [
      616.5353535353536,
      178.6414888856009
    ],
    [
      621.6161616161617,
      176.20811467856674
    ],
    [
      626.6969696969697,
      173.97551707655998
    ],
    [
      631.7777777777778,
      171.94369607958106
    ],
    [
      636.8585858585859,
      170.11265168763043
    ],
    [
      641.939393939394,
      168.4823839007072
    ],
    [
      647.020202020202,
      167.0528927188118
    ],
    [
      652.1010101010102,
      165.82417814194469
    ],
    [
      657.1818181818181,
      164.79624017010497
    ],
    [
      662.2626262626262,
      163.96907880329354
    ],
    [
      667.3434343434343,
      163.3426940415095
    ],
    [
      672.4242424242424,
      162.9170858847533
    ],
    [
      677.5050505050505,
      162.6922543330254
    ],
    [
      682.5858585858585,
      162.6681993863249
    ],
    [
      687.6666666666666,
      162.8449210446522
    ],
    [
      692.7474747474747,
      163.22241930800783
    ],
    [
      697.8282828282828,
      163.80069417639083
    ],
    [
      702.9090909090909,
      164.57974564980168
    ],
    [
      707.989898989899,
      165.55957372824082
    ],
    [
      713.070707070707,
      166.74017841170735
    ],
    [
      718.1515151515151,
      168.12155970020171
    ],
    [
      723.2323232323232,
      169.70371759372438
    ],
    [
      728.3131313131313,
      171.48665209227443
    ],
    [
      733.3939393939394,
      173.47036319585254
    ],
    [
      738.4747474747475,
      175.6548509044585
    ],
    [
      743.5555555555555,
      178.0401152180923
    ],
    [
      748.6363636363636,
      180.6261561367537
    ],
    [
      753.7171717171717,
      183.4129736604434
    ],
    [
      758.7979797979798,
      186.4005677891605
    ],
    [
      763.8787878787879,
      189.58893852290544
    ],
    [
      768.959595959596,
      192.97808586167866
    ],
    [
      774.040404040404,
      196.56800980547928
    ],
    [
      779.1212121212121,
      200.35871035430796
    ],
    [
      784.2020202020202,
      204.35018750816448
    ],
    [
      789.2828282828283,
      208.54244126704884
    ],
    [
      794.3636363636363,
      212.93547163096082
    ],
    [
      799.4444444444443,
      217.52927859990086
    ],
    [
      804.5252525252524,
      222.32386217386875
    ],
    [
      809.6060606060605,
      227.3192223528647
    ],
    [
      814.6868686868686,
      232.51535913688804
    ],
    [
      819.7676767676767,
      237.91227252593922
    ],
    [
      824.8484848484848,
      243.5099625200187
    ],
    [
      829.9292929292928,
      249.30842911912555
    ],
    [
      835.0101010101009,
      255.30767232326048
    ],
    [
      840.090909090909,
      261.5076921324235
    ],
    [
      845.1717171717171,
      267.90848854661385
    ],
    [
      850.2525252525252,
      274.5100615658321
    ],
    [
      855.3333333333333,
      281.3124111900786
    ],
    [
      860.4141414141413,
      288.3155374193527
    ],
    [
      865.4949494949494,
      295.51944025365447
    ],
    [
      870.5757575757575,
      302.9241196929845
    ],
    [
      875.6565656565656,
      310.52957573734193
    ],
    [
      880.7373737373737,
      318.3358083867274
    ],
    [
      885.8181818181818,
      326.342817641141
    ],
    [
      890.8989898989898,
      334.55060350058193
    ],
    [
      895.9797979797979,
      342.9591659650507
    ],
    [
      901.060606060606,
      351.5685050345478
    ],
    [
      906.1414141414141,
      360.3786207090725
    ],
    [
      911.2222222222222,
      369.3895129886248
    ],
    [
      916.3030303030303,
      378.6011818732054
    ],
    [
      921.3838383838383,
      388.0136273628136
    ],
    [
      926.4646464646464,
      397.62684945744945
    ],
    [
      931.5454545454545,
      407.4408481571136
    ],
    [
      936.6262626262626,
      417.4556234618053
    ],
    [
      941.7070707070707,
      427.67117537152467
    ],
    [
      946.7878787878788,
      438.0875038862723
    ],
    [
      951.8686868686868,
      448.70460900604735
    ],
    [
      956.9494949494949,
      459.5224907308509
    ],
    [
      962.030303030303,
      470.5411490606816
    ],
    [
      967.1111111111111,
      481.7605839955404
    ],
    [
      972.1919191919192,
      493.18079553542725
    ],
    [
      977.2727272727273,
      504.8017836803415
    ],
    [
      982.3535353535353,
      516.6235484302838
    ],
    [
      987.4343434343434,
      528.6460897852542
    ],
    [
      992.5151515151515,
      540.8694077452519
    ],
    [
      997.5959595959596,
      553.2935023102777
    ],
    [
      1002.6767676767677,
      565.9183734803316
    ],
    [
      1007.7575757575758,
      578.7440212554129
    ],
    [
      1012.8383838383838,
      591.7704456355223
    ],
    [
      1017.9191919191919,
      604.9976466206597
    ],
    [
      1023.0,
      618.4256242108247
    ]
  ],
  "parabola_params": [
    0.0038888172078421672,
    -5.2938794041134285,
    1964.3042709130066
  ]
}