{
  "original_points": [
    [
      990,
      694
    ],
    [
      1031,
      588
    ],
    [
      1038,
      589
    ],
    [
      1039,
      588
    ],
    [
      1040,
      584
    ],
    [
      1035,
      568
    ],
    [
      1026,
      549
    ],
    [
      1018,
      511
    ],
    [
      1000,
      484
    ],
    [
      986,
      451
    ],
    [
      969,
      421
    ],
    [
      991,
      684
    ],
    [
      956,
      395
    ],
    [
      942,
      369
    ],
    [
      925,
      344
    ],
    [
      908,
      317
    ],
    [
      894,
      297
    ],
    [
      874,
      277
    ],
    [
      854,
      260
    ],
    [
      839,
      242
    ],
    [
      822,
      227
    ],
    [
      804,
      214
    ],
    [
      990,
      672
    ],
    [
      786,
      207
    ],
    [
      765,
      195
    ],
    [
      746,
      190
    ],
    [
      724,
      186
    ],
    [
      705,
      184
    ],
    [
      682,
      185
    ],
    [
      663,
      187
    ],
    [
      639,
      191
    ],
    [
      616,
      199
    ],
    [
      593,
      209
    ],
    [
      991,
      659
    ],
    [
      568,
      220
    ],
    [
      544,
      237
    ]
  ],
  "trajectory": [
    [
      544.0,
      249.66215253413566
    ],
    [
      549.010101010101,
      244.49942566952677
    ],
    [
      554.0202020202021,
      239.51798373009842
    ],
    [
      559.030303030303,
      234.7178267158506
    ],
    [
      564.040404040404,
      230.09895462678355
    ],
    [
      569.0505050505051,
      225.66136746289658
    ],
    [
      574.060606060606,
      221.4050652241906
    ],
    [
      579.070707070707,
      217.33004791066446
    ],
    [
      584.0808080808081,
      213.43631552231932
    ],
    [
      589.0909090909091,
      209.72386805915448
    ],
    [
      594.1010101010102,
      206.1927055211704
    ],
    [
      599.1111111111111,
      202.84282790836664
    ],
    [
      604.1212121212121,
      199.6742352207434
    ],
    [
      609.1313131313132,
      196.6869274583005
    ],
    [
      614.1414141414141,
      193.8809046210381
    ],
    [
      619.1515151515151,
      191.2561667089567
    ],
    [
      624.1616161616162,
      188.81271372205515
    ],
    [
      629.1717171717172,
      186.5505456603346
    ],
    [
      634.1818181818182,
      184.46966252379434
    ],
    [
      639.1919191919192,
      182.57006431243462
    ],
    [
      644.2020202020202,
      180.85175102625544
    ],
    [
      649.2121212121212,
      179.3147226652568
    ],
    [
      654.2222222222222,
      177.95897922943846
    ],
    [
      659.2323232323232,
      176.78452071880088
    ],
    [
      664.2424242424242,
      175.7913471333436
    ],
    [
      669.2525252525253,
      174.97945847306687
    ],
    [
      674.2626262626263,
      174.34885473797067
    ],
    [
      679.2727272727273,
      173.899535928055
    ],
    [
      684.2828282828283,
      173.63150204331987
    ],
    [
      689.2929292929293,
      173.54475308376504
    ],
    [
      694.3030303030303,
      173.63928904939098
    ],
    [
      699.3131313131313,
      173.915109940197
    ],
    [
      704.3232323232323,
      174.372215756184
    ],
    [
      709.3333333333334,
      175.01060649735132
    ],
    [
      714.3434343434344,
      175.8302821636994
    ],
    [
      719.3535353535353,
      176.83124275522755
    ],
    [
      724.3636363636364,
      178.01348827193647
    ],
    [
      729.3737373737374,
      179.3770187138257
    ],
    [
      734.3838383838383,
      180.92183408089568
    ],
    [
      739.3939393939394,
      182.64793437314597
    ],
    [
      744.4040404040404,
      184.5553195905768
    ],
    [
      749.4141414141415,
      186.64398973318816
    ],
    [
      754.4242424242425,
      188.9139448009803
    ],
    [
      759.4343434343434,
      191.36518479395227
    ],
    [
      764.4444444444445,
      193.99770971210546
    ],
    [
      769.4545454545455,
      196.81151955543874
    ],
    [
      774.4646464646464,
      199.80661432395254
    ],
    [
      779.4747474747475,
      202.9829940176469
    ],
    [
      784.4848484848485,
      206.34065863652154
    ],
    [
      789.4949494949495,
      209.87960818057718
    ],
    [
      794.5050505050506,
      213.5998426498129
    ],
    [
      799.5151515151515,
      217.5013620442296
    ],
    [
      804.5252525252525,
      221.58416636382617
    ],
    [
      809.5353535353536,
      225.84825560860395
    ],
    [
      814.5454545454545,
      230.29362977856158
    ],
    [
      819.5555555555555,
      234.9202888737002
    ],
    [
      824.5656565656566,
      239.7282328940189
    ],
    [
      829.5757575757576,
      244.7174618395186
    ],
    [
      834.5858585858587,
      249.88797571019836
    ],
    [
      839.5959595959596,
      255.2397745060589
    ],
    [
      844.6060606060606,
      260.77285822709973
    ],
    [
      849.6161616161617,
      266.48722687332133
    ],
    [
      854.6262626262626,
      272.382880444723
    ],
    [
      859.6363636363636,
      278.4598189413057
    ],
    [
      864.6464646464647,
      284.71804236306843
    ],
    [
      869.6565656565657,
      291.15755071001195
    ],
    [
      874.6666666666667,
      297.778343982136
    ],
    [
      879.6767676767677,
      304.5804221794401
    ],
    [
      884.6868686868687,
      311.56378530192546
    ],
    [
      889.6969696969697,
      318.72843334959066
    ],
    [
      894.7070707070707,
      326.07436632243684
    ],
    [
      899.7171717171717,
      333.6015842204631
    ],
    [
      904.7272727272727,
      341.31008704367036
    ],
    [
      909.7373737373738,
      349.1998747920577
    ],
    [
      914.7474747474748,
      357.270947465626
    ],
    [
      919.7575757575758,
      365.5233050643742
    ],
    [
      924.7676767676768,
      373.95694758830336
    ],
    [
      929.7777777777778,
      382.57187503741284
    ],
    [
      934.7878787878788,
      391.36808741170285
    ],
    [
      939.7979797979798,
      400.34558471117316
    ],
    [
      944.8080808080808,
      409.504366935824
    ],
    [
      949.8181818181819,
      418.84443408565585
    ],
    [
      954.8282828282829,
      428.36578616066777
    ],
    [
      959.8383838383838,
      438.0684231608602
    ],
    [
      964.8484848484849,
      447.9523450862332
    ],
    [
      969.8585858585859,
      458.01755193678696
    ],
    [
      974.8686868686868,
      468.26404371252056
    ],
    [
      979.8787878787879,
      478.6918204134354
    ],
    [
      984.8888888888889,
      489.3008820395303
    ],
    [
      989.89898989899,
      500.09122859080617
    ],
    [
      994.909090909091,
      511.06286006726214
    ],
    [
      999.9191919191919,
      522.2157764688986
    ],
    [
      1004.929292929293,
      533.5499777957157
    ],
    [
      1009.939393939394,
      545.0654640477135
    ],
    [
      1014.9494949494949,
      556.7622352248911
    ],
    [
      1019.959595959596,
      568.64029132725
    ],
    [
      1024.969696969697,
      580.699632354789
    ],
    [
      1029.9797979797981,
      592.9402583075087
    ],
    [
      1034.989898989899,
      605.3621691854089
    ],
    [
      1040.0,
      617.965364988489
    ]
  ],
  "parabola_params": [
    0.0036110934892326484,
    -4.977425287641383,
    1888.7289461814948
  ]
}