{"original_points": [[916, 668], [968, 590], [968, 584], [965, 572], [946, 518], [942, 488], [928, 460], [917, 432], [906, 403], [894, 376], [918, 656], [881, 356], [869, 330], [855, 306], [844, 290], [832, 271], [818, 254], [805, 244], [792, 232], [777, 221], [763, 214], [921, 640], [748, 208], [733, 206], [716, 202], [702, 205], [686, 208], [668, 212], [652, 218], [634, 227], [614, 239], [598, 255]], "parabola_params": [0.005786507242220798, -8.237119427907555, 3125.2230053603525], "trajectory": [[968, 573], [968, 573], [965, 564], [946, 511], [942, 500], [928, 464], [917, 437], [906, 412], [894, 386], [869, 336], [855, 312], [844, 295], [832, 277], [818, 259], [805, 244], [792, 231], [777, 218], [763, 209], [733, 196], [716, 193], [702, 194], [686, 197], [668, 204], [652, 214], [634, 228], [614, 249], [598, 268]]}