{"original_points": [[1002, 508], [856, 274], [840, 253], [822, 237], [805, 224], [785, 212], [767, 198], [746, 192], [726, 185], [706, 182], [686, 182], [989, 478], [664, 181], [642, 184], [619, 189], [596, 194], [572, 203], [547, 217], [522, 233], [494, 245]], "parabola_params": [0.0028812530257809627, -3.8384442885655865, 1452.6353271192431], "trajectory": [[1002, 499], [840, 261], [822, 244], [805, 229], [785, 214], [767, 203], [746, 192], [726, 184], [706, 178], [686, 175], [642, 175], [619, 180], [596, 188], [572, 199], [547, 215], [522, 234], [494, 259]]}