{"original_points": [[1043, 591], [974, 402], [962, 373], [946, 347], [932, 322], [919, 300], [900, 278], [884, 260], [870, 243], [852, 225], [836, 210], [1047, 590], [820, 198], [802, 185], [783, 181], [765, 172], [748, 167], [727, 163], [707, 165], [687, 166], [667, 169], [645, 178], [1049, 585], [623, 184], [602, 196], [577, 209], [553, 226], [532, 246]], "parabola_params": [0.003528433819257187, -4.9817266087205345, 1912.3949729729766], "trajectory": [[1043, 554], [962, 385], [946, 357], [932, 334], [919, 314], [900, 286], [884, 265], [870, 248], [852, 229], [836, 213], [802, 186], [783, 174], [765, 166], [748, 160], [727, 155], [707, 153], [687, 155], [667, 159], [645, 167], [602, 192], [577, 212], [553, 236], [532, 260]]}