{
  "original_points": [
    [
      1043,
      591
    ],
    [
      974,
      402
    ],
    [
      962,
      373
    ],
    [
      946,
      347
    ],
    [
      932,
      322
    ],
    [
      919,
      300
    ],
    [
      900,
      278
    ],
    [
      884,
      260
    ],
    [
      870,
      243
    ],
    [
      852,
      225
    ],
    [
      836,
      210
    ],
    [
      1047,
      590
    ],
    [
      820,
      198
    ],
    [
      802,
      185
    ],
    [
      783,
      181
    ],
    [
      765,
      172
    ],
    [
      748,
      167
    ],
    [
      727,
      163
    ],
    [
      707,
      165
    ],
    [
      687,
      166
    ],
    [
      667,
      169
    ],
    [
      645,
      178
    ],
    [
      1049,
      585
    ],
    [
      623,
      184
    ],
    [
      602,
      196
    ],
    [
      577,
      209
    ],
    [
      553,
      226
    ],
    [
      532,
      246
    ]
  ],
  "trajectory": [
    [
      532.0,
      262.27021629353044
    ],
    [
      537.2222222222222,
      255.8818765068313
    ],
    [
      542.4444444444445,
      249.68742475417844
    ],
    [
      547.6666666666666,
      243.68686103557206
    ],
    [
      552.8888888888889,
      237.88018535101196
    ],
    [
      558.1111111111111,
      232.26739770049812
    ],
    [
      563.3333333333334,
      226.84849808403078
    ],
    [
      568.5555555555555,
      221.6234865016097
    ],
    [
      573.7777777777778,
      216.5923629532349
    ],
    [
      579.0,
      211.75512743890636
    ],
    [
      584.2222222222222,
      207.1117799586243
    ],
    [
      589.4444444444445,
      202.66232051238853
    ],
    [
      594.6666666666666,
      198.40674910019925
    ],
    [
      599.8888888888889,
      194.34506572205578
    ],
    [
      605.1111111111111,
      190.47727037795903
    ],
    [
      610.3333333333334,
      186.80336306790855
    ],
    [
      615.5555555555555,
      183.32334379190456
    ],
    [
      620.7777777777778,
      180.03721254994662
    ],
    [
      626.0,
      176.9449693420354
    ],
    [
      631.2222222222222,
      174.0466141681702
    ],
    [
      636.4444444444445,
      171.34214702835152
    ],
    [
      641.6666666666666,
      168.8315679225791
    ],
    [
      646.8888888888889,
      166.51487685085294
    ],
    [
      652.1111111111111,
      164.39207381317306
    ],
    [
      657.3333333333334,
      162.46315880953966
    ],
    [
      662.5555555555555,
      160.72813183995254
    ],
    [
      667.7777777777778,
      159.1869929044119
    ],
    [
      673.0,
      157.83974200291755
    ],
    [
      678.2222222222222,
      156.68637913546945
    ],
    [
      683.4444444444445,
      155.7269043020674
    ],
    [
      688.6666666666666,
      154.96131750271184
    ],
    [
      693.8888888888889,
      154.38961873740277
    ],
    [
      699.1111111111111,
      154.01180800613997
    ],
    [
      704.3333333333334,
      153.82788530892367
    ],
    [
      709.5555555555555,
      153.8378506457534
    ],
    [
      714.7777777777778,
      154.04170401662986
    ],
    [
      720.0,
      154.43944542155236
    ],
    [
      725.2222222222222,
      155.03107486052113
    ],
    [
      730.4444444444445,
      155.8165923335364
    ],
    [
      735.6666666666666,
      156.79599784059815
    ],
    [
      740.8888888888889,
      157.96929138170594
    ],
    [
      746.1111111111111,
      159.33647295686023
    ],
    [
      751.3333333333334,
      160.8975425660608
    ],
    [
      756.5555555555555,
      162.65250020930762
    ],
    [
      761.7777777777778,
      164.6013458866007
    ],
    [
      767.0,
      166.7440795979403
    ],
    [
      772.2222222222222,
      169.08070134332615
    ],
    [
      777.4444444444445,
      171.61121112275828
    ],
    [
      782.6666666666667,
      174.3356089362369
    ],
    [
      787.8888888888889,
      177.25389478376178
    ],
    [
      793.1111111111111,
      180.36606866533316
    ],
    [
      798.3333333333333,
      183.67213058095058
    ],
    [
      803.5555555555555,
      187.1720805306145
    ],
    [
      808.7777777777778,
      190.8659185143249
    ],
    [
      814.0,
      194.75364453208135
    ],
    [
      819.2222222222222,
      198.8352585838843
    ],
    [
      824.4444444444445,
      203.1107606697335
    ],
    [
      829.6666666666667,
      207.58015078962922
    ],
    [
      834.8888888888889,
      212.2434289435712
    ],
    [
      840.1111111111111,
      217.10059513155898
    ],
    [
      845.3333333333333,
      222.15164935359348
    ],
    [
      850.5555555555555,
      227.3965916096745
    ],
    [
      855.7777777777778,
      232.83542189980176
    ],
    [
      861.0,
      238.4681402239753
    ],
    [
      866.2222222222222,
      244.2947465821951
    ],
    [
      871.4444444444445,
      250.3152409744614
    ],
    [
      876.6666666666667,
      256.5296234007742
    ],
    [
      881.8888888888889,
      262.93789386113303
    ],
    [
      887.1111111111111,
      269.54005235553814
    ],
    [
      892.3333333333333,
      276.33609888398973
    ],
    [
      897.5555555555555,
      283.3260334464876
    ],
    [
      902.7777777777778,
      290.50985604303196
    ],
    [
      908.0,
      297.8875666736226
    ],
    [
      913.2222222222222,
      305.45916533825925
    ],
    [
      918.4444444444445,
      313.2246520369424
    ],
    [
      923.6666666666667,
      321.1840267696721
    ],
    [
      928.8888888888889,
      329.33728953644777
    ],
    [
      934.1111111111111,
      337.68444033726996
    ],
    [
      939.3333333333333,
      346.2254791721384
    ],
    [
      944.5555555555555,
      354.9604060410536
    ],
    [
      949.7777777777778,
      363.8892209440148
    ],
    [
      955.0,
      373.0119238810223
    ],
    [
      960.2222222222222,
      382.3285148520763
    ],
    [
      965.4444444444445,
      391.83899385717655
    ],
    [
      970.6666666666667,
      401.5433608963233
    ],
    [
      975.8888888888889,
      411.4416159695161
    ],
    [
      981.1111111111111,
      421.53375907675536
    ],
    [
      986.3333333333333,
      431.8197902180407
    ],
    [
      991.5555555555555,
      442.2997093933727
    ],
    [
      996.7777777777778,
      452.9735166027508
    ],
    [
      1002.0,
      463.84121184617516
    ],
    [
      1007.2222222222222,
      474.902795123646
    ],
    [
      1012.4444444444445,
      486.15826643516334
    ],
    [
      1017.6666666666667,
      497.6076257807272
    ],
    [
      1022.8888888888889,
      509.25087316033705
    ],
    [
      1028.111111111111,
      521.0880085739932
    ],
    [
      1033.3333333333335,
      533.1190320216963
    ],
    [
      1038.5555555555557,
      545.343943503445
    ],
    [
      1043.7777777777778,
      557.7627430192401
    ],
    [
      1049.0,
      570.3754305690816
    ]
  ],
  "parabola_params": [
    0.003554760243945905,
    -5.024127755590369,
    1929.023718985061
  ]
}