{
  "original_points": [
    [
      930,
      687
    ],
    [
      996,
      584
    ],
    [
      993,
      577
    ],
    [
      979,
      535
    ],
    [
      971,
      498
    ],
    [
      958,
      470
    ],
    [
      948,
      438
    ],
    [
      937,
      407
    ],
    [
      925,
      380
    ],
    [
      912,
      354
    ],
    [
      932,
      671
    ],
    [
      899,
      325
    ],
    [
      887,
      303
    ],
    [
      873,
      280
    ],
    [
      861,
      264
    ],
    [
      849,
      246
    ],
    [
      836,
      231
    ],
    [
      822,
      219
    ],
    [
      807,
      209
    ],
    [
      795,
      197
    ],
    [
      781,
      190
    ],
    [
      933,
      654
    ],
    [
      765,
      185
    ],
    [
      751,
      181
    ],
    [
      734,
      182
    ],
    [
      720,
      180
    ],
    [
      704,
      183
    ],
    [
      687,
      191
    ],
    [
      672,
      197
    ],
    [
      656,
      209
    ],
    [
      639,
      221
    ],
    [
      622,
      236
    ],
    [
      939,
      632
    ],
    [
      604,
      256
    ]
  ],
  "trajectory": [
    [
      604.0,
      259.0389133468593
    ],
    [
      607.959595959596,
      253.53053052975974
    ],
    [
      611.9191919191919,
      248.21092218412832
    ],
    [
      615.8787878787879,
      243.0800883099646
    ],
    [
      619.8383838383838,
      238.13802890726902
    ],
    [
      623.7979797979798,
      233.38474397604068
    ],
    [
      627.7575757575758,
      228.8202335162805
    ],
    [
      631.7171717171717,
      224.44449752798755
    ],
    [
      635.6767676767677,
      220.25753601116276
    ],
    [
      639.6363636363636,
      216.2593489658052
    ],
    [
      643.5959595959596,
      212.4499363919158
    ],
    [
      647.5555555555555,
      208.82929828949455
    ],
    [
      651.5151515151515,
      205.397434658541
    ],
    [
      655.4747474747475,
      202.15434549905513
    ],
    [
      659.4343434343434,
      199.10003081103696
    ],
    [
      663.3939393939394,
      196.23449059448694
    ],
    [
      667.3535353535353,
      193.5577248494037
    ],
    [
      671.3131313131313,
      191.0697335757891
    ],
    [
      675.2727272727273,
      188.77051677364216
    ],
    [
      679.2323232323232,
      186.66007444296247
    ],
    [
      683.1919191919192,
      184.73840658375138
    ],
    [
      687.1515151515151,
      183.005513196008
    ],
    [
      691.1111111111111,
      181.4613942797323
    ],
    [
      695.070707070707,
      180.1060498349243
    ],
    [
      699.030303030303,
      178.93947986158355
    ],
    [
      702.989898989899,
      177.96168435971094
    ],
    [
      706.9494949494949,
      177.1726633293065
    ],
    [
      710.9090909090909,
      176.57241677036973
    ],
    [
      714.8686868686868,
      176.1609446829002
    ],
    [
      718.8282828282828,
      175.93824706689884
    ],
    [
      722.7878787878788,
      175.90432392236517
    ],
    [
      726.7474747474747,
      176.05917524929964
    ],
    [
      730.7070707070707,
      176.40280104770136
    ],
    [
      734.6666666666667,
      176.93520131757123
    ],
    [
      738.6262626262626,
      177.6563760589088
    ],
    [
      742.5858585858587,
      178.5663252717145
    ],
    [
      746.5454545454545,
      179.66504895598746
    ],
    [
      750.5050505050506,
      180.9525471117281
    ],
    [
      754.4646464646464,
      182.4288197389369
    ],
    [
      758.4242424242425,
      184.09386683761386
    ],
    [
      762.3838383838383,
      185.94768840775805
    ],
    [
      766.3434343434344,
      187.99028444936994
    ],
    [
      770.3030303030303,
      190.22165496244952
    ],
    [
      774.2626262626263,
      192.6417999469977
    ],
    [
      778.2222222222222,
      195.25071940301268
    ],
    [
      782.1818181818182,
      198.0484133304958
    ],
    [
      786.1414141414141,
      201.03488172944662
    ],
    [
      790.1010101010102,
      204.21012459986605
    ],
    [
      794.060606060606,
      207.57414194175226
    ],
    [
      798.0202020202021,
      211.12693375510662
    ],
    [
      801.9797979797979,
      214.86850003992868
    ],
    [
      805.939393939394,
      218.79884079621888
    ],
    [
      809.8989898989898,
      222.91795602397633
    ],
    [
      813.8585858585859,
      227.22584572320238
    ],
    [
      817.8181818181819,
      231.72250989389522
    ],
    [
      821.7777777777778,
      236.4079485360562
    ],
    [
      825.7373737373738,
      241.28216164968535
    ],
    [
      829.6969696969697,
      246.34514923478218
    ],
    [
      833.6565656565657,
      251.59691129134626
    ],
    [
      837.6161616161617,
      257.0374478193785
    ],
    [
      841.5757575757576,
      262.6667588188784
    ],
    [
      845.5353535353536,
      268.4848442898465
    ],
    [
      849.4949494949495,
      274.49170423228134
    ],
    [
      853.4545454545455,
      280.68733864618525
    ],
    [
      857.4141414141415,
      287.0717475315564
    ],
    [
      861.3737373737374,
      293.64493088839527
    ],
    [
      865.3333333333334,
      300.40688871670227
    ],
    [
      869.2929292929293,
      307.35762101647606
    ],
    [
      873.2525252525253,
      314.4971277877189
    ],
    [
      877.2121212121212,
      321.825409030429
    ],
    [
      881.1717171717172,
      329.34246474460724
    ],
    [
      885.1313131313132,
      337.04829493025227
    ],
    [
      889.0909090909091,
      344.94289958736545
    ],
    [
      893.0505050505051,
      353.0262787159472
    ],
    [
      897.010101010101,
      361.29843231599625
    ],
    [
      900.969696969697,
      369.7593603875134
    ],
    [
      904.929292929293,
      378.4090629304974
    ],
    [
      908.8888888888889,
      387.2475399449495
    ],
    [
      912.8484848484849,
      396.2747914308702
    ],
    [
      916.8080808080808,
      405.49081738825817
    ],
    [
      920.7676767676768,
      414.89561781711336
    ],
    [
      924.7272727272727,
      424.4891927174367
    ],
    [
      928.6868686868687,
      434.2715420892282
    ],
    [
      932.6464646464647,
      444.24266593248785
    ],
    [
      936.6060606060606,
      454.40256424721474
    ],
    [
      940.5656565656566,
      464.75123703340887
    ],
    [
      944.5252525252525,
      475.28868429107115
    ],
    [
      948.4848484848485,
      486.0149060202016
    ],
    [
      952.4444444444445,
      496.9299022207997
    ],
    [
      956.4040404040404,
      508.03367289286507
    ],
    [
      960.3636363636364,
      519.326218036399
    ],
    [
      964.3232323232323,
      530.8075376514003
    ],
    [
      968.2828282828283,
      542.4776317378696
    ],
    [
      972.2424242424242,
      554.3365002958058
    ],
    [
      976.2020202020202,
      566.384143325211
    ],
    [
      980.1616161616162,
      578.6205608260834
    ],
    [
      984.1212121212121,
      591.045752798424
    ],
    [
      988.0808080808081,
      603.6597192422323
    ],
    [
      992.040404040404,
      616.4624601575074
    ],
    [
      996.0,
      629.4539755442515
    ]
  ],
  "parabola_params": [
    0.006020208359979466,
    -8.687396992810534,
    3309.958363950153
  ]
}