{
  "original_points": [
    [
      993,
      591
    ],
    [
      998,
      591
    ],
    [
      987,
      535
    ],
    [
      979,
      503
    ],
    [
      964,
      470
    ],
    [
      954,
      444
    ],
    [
      944,
      417
    ],
    [
      955,
      679
    ],
    [
      929,
      388
    ],
    [
      917,
      363
    ],
    [
      904,
      340
    ],
    [
      892,
      316
    ],
    [
      879,
      295
    ],
    [
      864,
      275
    ],
    [
      849,
      258
    ],
    [
      835,
      244
    ],
    [
      822,
      230
    ],
    [
      806,
      219
    ],
    [
      954,
      665
    ],
    [
      790,
      209
    ],
    [
      775,
      200
    ],
    [
      759,
      194
    ],
    [
      744,
      190
    ],
    [
      726,
      187
    ],
    [
      710,
      186
    ],
    [
      692,
      192
    ],
    [
      674,
      196
    ],
    [
      656,
      203
    ],
    [
      636,
      212
    ],
    [
      957,
      654
    ],
    [
      618,
      223
    ],
    [
      596,
      240
    ]
  ],
  "trajectory": [
    [
      596.0,
      258.5205931780706
    ],
    [
      600.060606060606,
      253.01857318147222
    ],
    [
      604.1212121212121,
      247.70421928243422
    ],
    [
      608.1818181818181,
      242.57753148095708
    ],
    [
      612.2424242424242,
      237.63850977703942
    ],
    [
      616.3030303030303,
      232.8871541706826
    ],
    [
      620.3636363636364,
      228.32346466188574
    ],
    [
      624.4242424242424,
      223.94744125064972
    ],
    [
      628.4848484848485,
      219.75908393697318
    ],
    [
      632.5454545454545,
      215.7583927208575
    ],
    [
      636.6060606060606,
      211.9453676023013
    ],
    [
      640.6666666666666,
      208.3200085813064
    ],
    [
      644.7272727272727,
      204.882315657871
    ],
    [
      648.7878787878788,
      201.63228883199645
    ],
    [
      652.8484848484849,
      198.56992810368183
    ],
    [
      656.9090909090909,
      195.6952334729276
    ],
    [
      660.969696969697,
      193.0082049397338
    ],
    [
      665.030303030303,
      190.5088425040999
    ],
    [
      669.0909090909091,
      188.19714616602687
    ],
    [
      673.1515151515151,
      186.07311592551332
    ],
    [
      677.2121212121212,
      184.13675178256108
    ],
    [
      681.2727272727273,
      182.38805373716832
    ],
    [
      685.3333333333334,
      180.8270217893364
    ],
    [
      689.3939393939394,
      179.453655939064
    ],
    [
      693.4545454545455,
      178.26795618635288
    ],
    [
      697.5151515151515,
      177.2699225312008
    ],
    [
      701.5757575757576,
      176.45955497361047
    ],
    [
      705.6363636363636,
      175.83685351357917
    ],
    [
      709.6969696969697,
      175.40181815110827
    ],
    [
      713.7575757575758,
      175.15444888619822
    ],
    [
      717.8181818181818,
      175.09474571884812
    ],
    [
      721.8787878787879,
      175.22270864905886
    ],
    [
      725.939393939394,
      175.5383376768291
    ],
    [
      730.0,
      176.0416328021597
    ],
    [
      734.060606060606,
      176.73259402505073
    ],
    [
      738.1212121212121,
      177.61122134550214
    ],
    [
      742.1818181818182,
      178.6775147635144
    ],
    [
      746.2424242424242,
      179.9314742790857
    ],
    [
      750.3030303030303,
      181.3730998922183
    ],
    [
      754.3636363636364,
      183.00239160291085
    ],
    [
      758.4242424242425,
      184.81934941116333
    ],
    [
      762.4848484848485,
      186.82397331697666
    ],
    [
      766.5454545454545,
      189.01626332034948
    ],
    [
      770.6060606060606,
      191.3962194212836
    ],
    [
      774.6666666666666,
      193.9638416197772
    ],
    [
      778.7272727272727,
      196.71912991583122
    ],
    [
      782.7878787878788,
      199.66208430944607
    ],
    [
      786.8484848484849,
      202.79270480062087
    ],
    [
      790.9090909090909,
      206.11099138935606
    ],
    [
      794.969696969697,
      209.6169440756512
    ],
    [
      799.030303030303,
      213.31056285950717
    ],
    [
      803.0909090909091,
      217.19184774092264
    ],
    [
      807.1515151515151,
      221.2607987198994
    ],
    [
      811.2121212121212,
      225.51741579643567
    ],
    [
      815.2727272727273,
      229.96169897053187
    ],
    [
      819.3333333333334,
      234.59364824218937
    ],
    [
      823.3939393939394,
      239.41326361140636
    ],
    [
      827.4545454545455,
      244.42054507818375
    ],
    [
      831.5151515151515,
      249.61549264252153
    ],
    [
      835.5757575757575,
      254.99810630442016
    ],
    [
      839.6363636363636,
      260.5683860638783
    ],
    [
      843.6969696969697,
      266.3263319208968
    ],
    [
      847.7575757575758,
      272.27194387547615
    ],
    [
      851.8181818181818,
      278.405221927615
    ],
    [
      855.8787878787879,
      284.72616607731516
    ],
    [
      859.939393939394,
      291.2347763245748
    ],
    [
      864.0,
      297.9310526693944
    ],
    [
      868.060606060606,
      304.8149951117748
    ],
    [
      872.1212121212121,
      311.88660365171563
    ],
    [
      876.1818181818182,
      319.14587828921685
    ],
    [
      880.2424242424242,
      326.59281902427756
    ],
    [
      884.3030303030303,
      334.2274258568996
    ],
    [
      888.3636363636364,
      342.04969878708107
    ],
    [
      892.4242424242425,
      350.05963781482296
    ],
    [
      896.4848484848485,
      358.2572429401257
    ],
    [
      900.5454545454545,
      366.6425141629875
    ],
    [
      904.6060606060606,
      375.21545148341147
    ],
    [
      908.6666666666667,
      383.9760549013945
    ],
    [
      912.7272727272727,
      392.92432441693745
    ],
    [
      916.7878787878788,
      402.06026003004126
    ],
    [
      920.8484848484849,
      411.383861740705
    ],
    [
      924.9090909090909,
      420.8951295489296
    ],
    [
      928.969696969697,
      430.59406345471416
    ],
    [
      933.030303030303,
      440.4806634580591
    ],
    [
      937.090909090909,
      450.554929558964
    ],
    [
      941.1515151515151,
      460.81686175743016
    ],
    [
      945.2121212121212,
      471.2664600534554
    ],
    [
      949.2727272727273,
      481.903724447041
    ],
    [
      953.3333333333333,
      492.72865493818745
    ],
    [
      957.3939393939394,
      503.74125152689385
    ],
    [
      961.4545454545455,
      514.9415142131606
    ],
    [
      965.5151515151515,
      526.3294429969878
    ],
    [
      969.5757575757575,
      537.9050378783754
    ],
    [
      973.6363636363636,
      549.668298857323
    ],
    [
      977.6969696969697,
      561.6192259338309
    ],
    [
      981.7575757575758,
      573.7578191078996
    ],
    [
      985.8181818181818,
      586.0840783795275
    ],
    [
      989.8787878787879,
      598.598003748717
    ],
    [
      993.939393939394,
      611.2995952154661
    ],
    [
      998.0,
      624.1888527797746
    ]
  ],
  "parabola_params": [
    0.005690810320871729,
    -8.161529115146887,
    3101.3250668668434
  ]
}