{"original_points": [[1018, 689], [1024, 665], [1022, 665], [1021, 666], [1017, 667], [1013, 668], [1009, 671], [1006, 673], [1002, 676], [998, 678], [997, 678], [1022, 682], [993, 679], [991, 680], [987, 682], [982, 685], [978, 686], [976, 689], [975, 689], [974, 687], [971, 683], [970, 681], [1023, 680], [970, 677], [968, 667], [969, 657], [973, 644], [975, 629], [978, 616], [987, 606], [991, 598], [998, 594], [1005, 590], [1023, 678], [1013, 589], [1017, 587], [1016, 584], [1010, 568], [1002, 551], [991, 518], [978, 487], [964, 459], [950, 431], [937, 402], [1026, 675], [922, 379], [907, 354], [893, 328], [874, 309], [860, 290], [846, 273], [830, 258], [811, 244], [795, 234], [780, 225], [1026, 671], [760, 216], [740, 211], [723, 208], [705, 207], [685, 209], [664, 210], [644, 214], [624, 222], [603, 233], [583, 240], [1026, 668], [493, 310]], "parabola_params": [0.004568696011862764, -6.327711616574369, 2388.6373576338856], "trajectory": [[1018, 681], [1022, 693], [1021, 690], [1017, 678], [1013, 666], [1009, 655], [1006, 646], [1002, 635], [1022, 693], [1023, 696], [978, 570], [987, 593], [991, 604], [1023, 696], [830, 284], [811, 261], [795, 245], [780, 232], [740, 207], [723, 201], [705, 198], [685, 197], [664, 201], [644, 208], [624, 219], [603, 234], [583, 252]]}