{"original_points": [[1002, 691], [1041, 595], [1044, 594], [1047, 588], [1038, 554], [1028, 519], [1013, 485], [999, 453], [988, 421], [973, 392], [1000, 680], [959, 363], [943, 335], [930, 306], [916, 281], [897, 261], [885, 242], [871, 220], [850, 204], [834, 187], [818, 173], [1000, 666], [798, 160], [781, 151], [762, 142], [742, 137], [724, 133], [703, 129], [683, 132], [663, 135], [640, 137], [618, 143], [1004, 654], [596, 155], [573, 167], [547, 183], [525, 199], [497, 223], [474, 249]], "parabola_params": [0.003427615370918099, -4.692869298860874, 1722.974070364607], "trajectory": [[1044, 559], [1047, 566], [1038, 544], [1028, 520], [1013, 486], [999, 455], [988, 432], [973, 401], [943, 345], [930, 323], [916, 300], [897, 271], [885, 254], [871, 235], [850, 210], [834, 193], [818, 177], [781, 148], [762, 137], [742, 127], [724, 122], [703, 117], [683, 116], [663, 118], [640, 123], [618, 131], [573, 159], [547, 181], [525, 203], [497, 237], [474, 268]]}