{"original_points": [[1012, 687], [1058, 589], [1057, 582], [1039, 535], [1031, 504], [1018, 470], [1008, 440], [993, 411], [979, 385], [967, 356], [1012, 670], [951, 332], [939, 308], [924, 285], [909, 265], [894, 251], [878, 230], [864, 216], [848, 205], [833, 192], [815, 183], [1015, 655], [799, 177], [782, 171], [763, 166], [747, 165], [726, 164], [708, 169], [689, 174], [668, 183], [650, 193], [626, 205], [1018, 637], [605, 222], [585, 237], [1024, 623], [1039, 600], [1045, 594], [649, 193], [626, 205], [604, 222], [585, 238]], "parabola_params": [0.0041280691072564935, -6.093169974832825, 2402.639480278035], "trajectory": [[1057, 574], [1039, 528], [1031, 508], [1018, 477], [1008, 455], [993, 422], [979, 393], [967, 370], [939, 320], [924, 296], [909, 274], [894, 254], [878, 235], [864, 219], [848, 204], [833, 191], [815, 178], [782, 162], [763, 156], [747, 154], [726, 154], [708, 157], [689, 164], [668, 174], [650, 186], [626, 206], [585, 250], [1045, 543], [626, 206], [604, 228], [585, 250]]}