{"original_points": [[106, 390], [908, 410], [893, 382], [877, 358], [861, 331], [847, 309], [828, 290], [811, 271], [795, 254], [776, 238], [759, 226], [980, 584], [738, 212], [722, 207], [700, 201], [681, 195], [661, 190], [638, 191], [616, 189], [595, 196], [573, 201], [550, 212], [981, 585], [525, 224], [500, 240]], "parabola_params": [0.001284393633570393, -1.3426142930429161, 525.8738807620043], "trajectory": [[106, 397], [893, 351], [877, 336], [861, 322], [847, 310], [828, 294], [811, 281], [795, 270], [776, 257], [759, 246], [722, 226], [700, 215], [681, 207], [661, 199], [638, 192], [616, 186], [595, 181], [573, 178], [550, 175]]}