{"original_points": [[977, 662], [1018, 575], [1012, 557], [1000, 522], [991, 492], [981, 461], [969, 434], [956, 403], [944, 378], [932, 355], [920, 330], [982, 644], [906, 306], [893, 286], [880, 268], [868, 253], [853, 236], [836, 223], [822, 210], [806, 201], [792, 193], [776, 187], [987, 627], [759, 184], [743, 181], [727, 182], [711, 187], [691, 191], [674, 195], [654, 207], [636, 217], [615, 232], [595, 248]], "parabola_params": [0.004791319163423931, -7.028060188179731, 2750.0518141315524], "trajectory": [[1018, 560], [1012, 544], [1000, 513], [991, 490], [981, 466], [969, 438], [956, 410], [944, 385], [932, 361], [920, 339], [893, 294], [880, 275], [868, 259], [853, 241], [836, 223], [822, 210], [806, 198], [792, 189], [776, 181], [743, 173], [727, 173], [711, 175], [691, 181], [674, 189], [654, 203], [636, 218], [615, 239], [595, 264]]}