{
  "original_points": [
    [
      991,
      680
    ],
    [
      1047,
      587
    ],
    [
      1050,
      583
    ],
    [
      1041,
      558
    ],
    [
      1019,
      498
    ],
    [
      1003,
      466
    ],
    [
      989,
      436
    ],
    [
      972,
      408
    ],
    [
      957,
      380
    ],
    [
      990,
      665
    ],
    [
      941,
      355
    ],
    [
      926,
      331
    ],
    [
      907,
      307
    ],
    [
      893,
      287
    ],
    [
      876,
      270
    ],
    [
      854,
      252
    ],
    [
      836,
      235
    ],
    [
      819,
      225
    ],
    [
      800,
      212
    ],
    [
      781,
      204
    ],
    [
      994,
      652
    ],
    [
      760,
      196
    ],
    [
      740,
      191
    ],
    [
      718,
      188
    ],
    [
      698,
      187
    ],
    [
      674,
      189
    ],
    [
      654,
      192
    ],
    [
      630,
      198
    ],
    [
      606,
      207
    ],
    [
      582,
      218
    ],
    [
      556,
      231
    ],
    [
      998,
      634
    ],
    [
      533,
      248
    ]
  ],
  "trajectory": [
    [
      533.0,
      264.58973765243036
    ],
    [
      538.2222222222222,
      258.81174513518044
    ],
    [
      543.4444444444445,
      253.2256184085411
    ],
    [
      548.6666666666666,
      247.83135747251254
    ],
    [
      553.8888888888889,
      242.62896232709477
    ],
    [
      559.1111111111111,
      237.61843297228825
    ],
    [
      564.3333333333334,
      232.79976940809183
    ],
    [
      569.5555555555555,
      228.17297163450644
    ],
    [
      574.7777777777778,
      223.73803965153184
    ],
    [
      580.0,
      219.49497345916802
    ],
    [
      585.2222222222222,
      215.44377305741477
    ],
    [
      590.4444444444445,
      211.58443844627232
    ],
    [
      595.6666666666666,
      207.91696962574065
    ],
    [
      600.8888888888889,
      204.44136659581977
    ],
    [
      606.1111111111111,
      201.1576293565097
    ],
    [
      611.3333333333334,
      198.0657579078104
    ],
    [
      616.5555555555555,
      195.16575224972166
    ],
    [
      621.7777777777778,
      192.45761238224372
    ],
    [
      627.0,
      189.9413383053768
    ],
    [
      632.2222222222222,
      187.61693001912045
    ],
    [
      637.4444444444445,
      185.4843875234751
    ],
    [
      642.6666666666666,
      183.54371081844033
    ],
    [
      647.8888888888889,
      181.7948999040159
    ],
    [
      653.1111111111111,
      180.2379547802027
    ],
    [
      658.3333333333334,
      178.8728754470003
    ],
    [
      663.5555555555555,
      177.69966190440869
    ],
    [
      668.7777777777778,
      176.71831415242764
    ],
    [
      674.0,
      175.92883219105738
    ],
    [
      679.2222222222222,
      175.3312160202977
    ],
    [
      684.4444444444445,
      174.925465640149
    ],
    [
      689.6666666666666,
      174.71158105061113
    ],
    [
      694.8888888888889,
      174.68956225168404
    ],
    [
      700.1111111111111,
      174.8594092433675
    ],
    [
      705.3333333333334,
      175.221122025662
    ],
    [
      710.5555555555555,
      175.77470059856682
    ],
    [
      715.7777777777778,
      176.52014496208267
    ],
    [
      721.0,
      177.4574551162093
    ],
    [
      726.2222222222222,
      178.58663106094673
    ],
    [
      731.4444444444445,
      179.90767279629495
    ],
    [
      736.6666666666666,
      181.42058032225373
    ],
    [
      741.8888888888889,
      183.12535363882307
    ],
    [
      747.1111111111111,
      185.02199274600343
    ],
    [
      752.3333333333334,
      187.11049764379482
    ],
    [
      757.5555555555555,
      189.39086833219676
    ],
    [
      762.7777777777778,
      191.8631048112095
    ],
    [
      768.0,
      194.52720708083257
    ],
    [
      773.2222222222222,
      197.38317514106666
    ],
    [
      778.4444444444445,
      200.43100899191177
    ],
    [
      783.6666666666667,
      203.67070863336767
    ],
    [
      788.8888888888889,
      207.10227406543413
    ],
    [
      794.1111111111111,
      210.72570528811139
    ],
    [
      799.3333333333333,
      214.54100230139943
    ],
    [
      804.5555555555555,
      218.5481651052978
    ],
    [
      809.7777777777778,
      222.74719369980744
    ],
    [
      815.0,
      227.13808808492763
    ],
    [
      820.2222222222222,
      231.72084826065884
    ],
    [
      825.4444444444445,
      236.4954742270006
    ],
    [
      830.6666666666667,
      241.46196598395295
    ],
    [
      835.8888888888889,
      246.6203235315163
    ],
    [
      841.1111111111111,
      251.97054686969022
    ],
    [
      846.3333333333333,
      257.51263599847516
    ],
    [
      851.5555555555555,
      263.2465909178709
    ],
    [
      856.7777777777778,
      269.1724116278774
    ],
    [
      862.0,
      275.29009812849404
    ],
    [
      867.2222222222222,
      281.5996504197219
    ],
    [
      872.4444444444445,
      288.1010685015606
    ],
    [
      877.6666666666667,
      294.79435237401003
    ],
    [
      882.8888888888889,
      301.6795020370703
    ],
    [
      888.1111111111111,
      308.7565174907411
    ],
    [
      893.3333333333333,
      316.02539873502224
    ],
    [
      898.5555555555555,
      323.48614576991486
    ],
    [
      903.7777777777778,
      331.13875859541827
    ],
    [
      909.0,
      338.98323721153224
    ],
    [
      914.2222222222222,
      347.0195816182568
    ],
    [
      919.4444444444445,
      355.24779181559234
    ],
    [
      924.6666666666667,
      363.66786780353846
    ],
    [
      929.8888888888889,
      372.27980958209537
    ],
    [
      935.1111111111111,
      381.08361715126307
    ],
    [
      940.3333333333333,
      390.07929051104156
    ],
    [
      945.5555555555555,
      399.26682966143085
    ],
    [
      950.7777777777778,
      408.6462346024307
    ],
    [
      956.0,
      418.21750533404133
    ],
    [
      961.2222222222222,
      427.980641856263
    ],
    [
      966.4444444444445,
      437.93564416909544
    ],
    [
      971.6666666666667,
      448.0825122725387
    ],
    [
      976.8888888888889,
      458.4212461665925
    ],
    [
      982.1111111111111,
      468.95184585125685
    ],
    [
      987.3333333333333,
      479.6743113265318
    ],
    [
      992.5555555555555,
      490.58864259241795
    ],
    [
      997.7777777777778,
      501.69483964891515
    ],
    [
      1003.0,
      512.9929024960227
    ],
    [
      1008.2222222222222,
      524.4828311337408
    ],
    [
      1013.4444444444445,
      536.1646255620699
    ],
    [
      1018.6666666666667,
      548.0382857810098
    ],
    [
      1023.8888888888889,
      560.1038117905605
    ],
    [
      1029.111111111111,
      572.3612035907217
    ],
    [
      1034.3333333333335,
      584.8104611814945
    ],
    [
      1039.5555555555557,
      597.4515845628773
    ],
    [
      1044.7777777777778,
      610.2845737348705
    ],
    [
      1050.0,
      623.3094286974749
    ]
  ],
  "parabola_params": [
    0.003517684255199524,
    -4.874645643978826,
    1863.440463517767
  ]
}