{"original_points": [[107, 390], [946, 363], [931, 338], [916, 311], [903, 291], [889, 271], [874, 253], [856, 234], [845, 220], [829, 207], [812, 195], [1033, 581], [796, 187], [782, 181], [763, 174], [746, 168], [728, 168], [711, 169], [693, 174], [674, 179], [655, 187], [636, 196], [106, 389], [615, 209], [595, 222], [574, 239], [104, 388], [1022, 546], [1011, 508], [998, 479], [985, 447], [970, 417]], "parabola_params": [0.0013373296084927136, -1.471014680084262, 537.2378474159858], "trajectory": [[107, 395], [931, 326], [916, 311], [903, 299], [889, 286], [874, 273], [856, 257], [782, 204], [763, 193], [746, 184], [728, 175], [711, 167], [693, 160], [674, 153], [655, 147], [970, 368]]}