{
  "original_points": [
    [
      970,
      681
    ],
    [
      1021,
      586
    ],
    [
      1023,
      582
    ],
    [
      1023,
      579
    ],
    [
      1011,
      546
    ],
    [
      999,
      512
    ],
    [
      986,
      483
    ],
    [
      972,
      452
    ],
    [
      955,
      423
    ],
    [
      942,
      395
    ],
    [
      970,
      665
    ],
    [
      927,
      369
    ],
    [
      910,
      343
    ],
    [
      894,
      320
    ],
    [
      878,
      302
    ],
    [
      861,
      282
    ],
    [
      844,
      263
    ],
    [
      829,
      250
    ],
    [
      809,
      237
    ],
    [
      792,
      225
    ],
    [
      773,
      216
    ],
    [
      974,
      653
    ],
    [
      756,
      208
    ],
    [
      734,
      207
    ],
    [
      715,
      200
    ],
    [
      697,
      200
    ],
    [
      676,
      203
    ],
    [
      656,
      206
    ],
    [
      634,
      213
    ],
    [
      614,
      220
    ],
    [
      591,
      233
    ],
    [
      567,
      243
    ]
  ],
  "trajectory": [
    [
      567.0,
      257.07111258770374
    ],
    [
      571.6060606060606,
      252.53778966627397
    ],
    [
      576.2121212121212,
      248.16848823911027
    ],
    [
      580.8181818181819,
      243.96320830621266
    ],
    [
      585.4242424242424,
      239.9219498675816
    ],
    [
      590.030303030303,
      236.04471292321682
    ],
    [
      594.6363636363636,
      232.3314974731179
    ],
    [
      599.2424242424242,
      228.7823035172853
    ],
    [
      603.8484848484849,
      225.397131055719
    ],
    [
      608.4545454545455,
      222.17598008841878
    ],
    [
      613.060606060606,
      219.11885061538533
    ],
    [
      617.6666666666666,
      216.2257426366175
    ],
    [
      622.2727272727273,
      213.49665615211597
    ],
    [
      626.8787878787879,
      210.93159116188076
    ],
    [
      631.4848484848485,
      208.53054766591163
    ],
    [
      636.0909090909091,
      206.2935256642088
    ],
    [
      640.6969696969697,
      204.2205251567725
    ],
    [
      645.3030303030303,
      202.31154614360207
    ],
    [
      649.9090909090909,
      200.56658862469794
    ],
    [
      654.5151515151515,
      198.98565260006012
    ],
    [
      659.1212121212121,
      197.56873806968838
    ],
    [
      663.7272727272727,
      196.31584503358295
    ],
    [
      668.3333333333334,
      195.22697349174382
    ],
    [
      672.939393939394,
      194.30212344417077
    ],
    [
      677.5454545454545,
      193.5412948908638
    ],
    [
      682.1515151515151,
      192.94448783182315
    ],
    [
      686.7575757575758,
      192.51170226704903
    ],
    [
      691.3636363636364,
      192.24293819654076
    ],
    [
      695.969696969697,
      192.1381956202988
    ],
    [
      700.5757575757576,
      192.19747453832315
    ],
    [
      705.1818181818182,
      192.42077495061358
    ],
    [
      709.7878787878788,
      192.80809685717054
    ],
    [
      714.3939393939394,
      193.35944025799336
    ],
    [
      719.0,
      194.07480515308248
    ],
    [
      723.6060606060606,
      194.9541915424379
    ],
    [
      728.2121212121212,
      195.99759942605942
    ],
    [
      732.8181818181819,
      197.20502880394747
    ],
    [
      737.4242424242425,
      198.5764796761016
    ],
    [
      742.030303030303,
      200.1119520425218
    ],
    [
      746.6363636363636,
      201.8114459032081
    ],
    [
      751.2424242424242,
      203.67496125816092
    ],
    [
      755.8484848484849,
      205.70249810738005
    ],
    [
      760.4545454545455,
      207.89405645086526
    ],
    [
      765.060606060606,
      210.24963628861633
    ],
    [
      769.6666666666667,
      212.76923762063393
    ],
    [
      774.2727272727273,
      215.4528604469176
    ],
    [
      778.8787878787879,
      218.30050476746806
    ],
    [
      783.4848484848485,
      221.31217058228412
    ],
    [
      788.0909090909091,
      224.48785789136673
    ],
    [
      792.6969696969697,
      227.8275666947152
    ],
    [
      797.3030303030303,
      231.33129699232995
    ],
    [
      801.909090909091,
      234.99904878421148
    ],
    [
      806.5151515151515,
      238.83082207035864
    ],
    [
      811.1212121212121,
      242.82661685077233
    ],
    [
      815.7272727272727,
      246.9864331254521
    ],
    [
      820.3333333333334,
      251.31027089439795
    ],
    [
      824.939393939394,
      255.79813015761056
    ],
    [
      829.5454545454545,
      260.4500109150888
    ],
    [
      834.1515151515152,
      265.26591316683357
    ],
    [
      838.7575757575758,
      270.2458369128442
    ],
    [
      843.3636363636364,
      275.38978215312136
    ],
    [
      847.969696969697,
      280.69774888766483
    ],
    [
      852.5757575757576,
      286.1697371164744
    ],
    [
      857.1818181818182,
      291.80574683955
    ],
    [
      861.7878787878788,
      297.60577805689195
    ],
    [
      866.3939393939395,
      303.5698307685002
    ],
    [
      871.0,
      309.6979049743743
    ],
    [
      875.6060606060606,
      315.9900006745154
    ],
    [
      880.2121212121212,
      322.4461178689221
    ],
    [
      884.8181818181819,
      329.0662565575951
    ],
    [
      889.4242424242425,
      335.85041674053446
    ],
    [
      894.030303030303,
      342.79859841773987
    ],
    [
      898.6363636363637,
      349.91080158921204
    ],
    [
      903.2424242424242,
      357.18702625494984
    ],
    [
      907.8484848484849,
      364.62727241495395
    ],
    [
      912.4545454545455,
      372.23154006922414
    ],
    [
      917.060606060606,
      379.99982921776063
    ],
    [
      921.6666666666667,
      387.9321398605639
    ],
    [
      926.2727272727273,
      396.0284719976328
    ],
    [
      930.878787878788,
      404.2888256289682
    ],
    [
      935.4848484848485,
      412.71320075456947
    ],
    [
      940.0909090909091,
      421.30159737443705
    ],
    [
      944.6969696969697,
      430.0540154885714
    ],
    [
      949.3030303030303,
      438.97045509697136
    ],
    [
      953.909090909091,
      448.05091619963787
    ],
    [
      958.5151515151515,
      457.2953987965702
    ],
    [
      963.1212121212121,
      466.7039028877689
    ],
    [
      967.7272727272727,
      476.2764284732343
    ],
    [
      972.3333333333334,
      486.0129755529656
    ],
    [
      976.939393939394,
      495.91354412696296
    ],
    [
      981.5454545454545,
      505.9781341952264
    ],
    [
      986.1515151515152,
      516.2067457577566
    ],
    [
      990.7575757575758,
      526.5993788145529
    ],
    [
      995.3636363636364,
      537.156033365615
    ],
    [
      999.969696969697,
      547.8767094109437
    ],
    [
      1004.5757575757576,
      558.7614069505385
    ],
    [
      1009.1818181818182,
      569.8101259843993
    ],
    [
      1013.7878787878788,
      581.0228665125267
    ],
    [
      1018.3939393939395,
      592.3996285349203
    ],
    [
      1023.0,
      603.9404120515796
    ]
  ],
  "parabola_params": [
    0.003865551576694795,
    -5.38554871864675,
    2067.944925220378
  ]
}