{
  "original_points": [
    [
      946,
      363
    ],
    [
      931,
      338
    ],
    [
      916,
      311
    ],
    [
      903,
      291
    ],
    [
      889,
      271
    ],
    [
      874,
      253
    ],
    [
      856,
      234
    ],
    [
      845,
      220
    ],
    [
      829,
      207
    ],
    [
      812,
      195
    ],
    [
      1033,
      581
    ],
    [
      796,
      187
    ],
    [
      782,
      181
    ],
    [
      763,
      174
    ],
    [
      746,
      168
    ],
    [
      728,
      168
    ],
    [
      711,
      169
    ],
    [
      693,
      174
    ],
    [
      674,
      179
    ],
    [
      655,
      187
    ],
    [
      636,
      196
    ],
    [
      615,
      209
    ],
    [
      595,
      222
    ],
    [
      574,
      239
    ],
    [
      1022,
      546
    ],
    [
      1011,
      508
    ],
    [
      998,
      479
    ],
    [
      985,
      447
    ],
    [
      970,
      417
    ]
  ],
  "trajectory": [
    [
      574.0,
      253.67283908714307
    ],
    [
      578.6363636363636,
      248.02078388465907
    ],
    [
      583.2727272727273,
      242.54823271971736
    ],
    [
      587.9090909090909,
      237.25518559231796
    ],
    [
      592.5454545454545,
      232.1416425024613
    ],
    [
      597.1818181818181,
      227.2076034501465
    ],
    [
      601.8181818181819,
      222.453068435374
    ],
    [
      606.4545454545455,
      217.87803745814426
    ],
    [
      611.0909090909091,
      213.48251051845727
    ],
    [
      615.7272727272727,
      209.26648761631168
    ],
    [
      620.3636363636364,
      205.2299687517093
    ],
    [
      625.0,
      201.3729539246492
    ],
    [
      629.6363636363636,
      197.69544313513097
    ],
    [
      634.2727272727273,
      194.1974363831555
    ],
    [
      638.9090909090909,
      190.8789336687223
    ],
    [
      643.5454545454545,
      187.7399349918319
    ],
    [
      648.1818181818182,
      184.78044035248286
    ],
    [
      652.8181818181819,
      182.00044975067703
    ],
    [
      657.4545454545455,
      179.39996318641352
    ],
    [
      662.0909090909091,
      176.9789806596923
    ],
    [
      666.7272727272727,
      174.73750217051338
    ],
    [
      671.3636363636364,
      172.67552771887676
    ],
    [
      676.0,
      170.79305730478245
    ],
    [
      680.6363636363636,
      169.0900909282309
    ],
    [
      685.2727272727273,
      167.56662858922118
    ],
    [
      689.9090909090909,
      166.22267028775468
    ],
    [
      694.5454545454545,
      165.05821602383003
    ],
    [
      699.1818181818182,
      164.07326579744768
    ],
    [
      703.8181818181818,
      163.26781960860762
    ],
    [
      708.4545454545455,
      162.64187745731033
    ],
    [
      713.0909090909091,
      162.19543934355534
    ],
    [
      717.7272727272727,
      161.92850526734264
    ],
    [
      722.3636363636364,
      161.8410752286718
    ],
    [
      727.0,
      161.93314922754416
    ],
    [
      731.6363636363636,
      162.20472726395838
    ],
    [
      736.2727272727273,
      162.65580933791534
    ],
    [
      740.909090909091,
      163.28639544941416
    ],
    [
      745.5454545454545,
      164.09648559845573
    ],
    [
      750.1818181818182,
      165.08607978504006
    ],
    [
      754.8181818181819,
      166.25517800916623
    ],
    [
      759.4545454545455,
      167.6037802708347
    ],
    [
      764.0909090909091,
      169.13188657004594
    ],
    [
      768.7272727272727,
      170.83949690679947
    ],
    [
      773.3636363636364,
      172.72661128109485
    ],
    [
      778.0,
      174.79322969293298
    ],
    [
      782.6363636363636,
      177.03935214231387
    ],
    [
      787.2727272727273,
      179.4649786292366
    ],
    [
      791.909090909091,
      182.07010915370165
    ],
    [
      796.5454545454545,
      184.85474371570945
    ],
    [
      801.1818181818182,
      187.81888231525954
    ],
    [
      805.8181818181819,
      190.9625249523524
    ],
    [
      810.4545454545455,
      194.28567162698664
    ],
    [
      815.0909090909091,
      197.7883223391641
    ],
    [
      819.7272727272727,
      201.47047708888385
    ],
    [
      824.3636363636364,
      205.3321358761459
    ],
    [
      829.0,
      209.37329870094982
    ],
    [
      833.6363636363636,
      213.59396556329648
    ],
    [
      838.2727272727273,
      217.9941364631859
    ],
    [
      842.909090909091,
      222.57381140061761
    ],
    [
      847.5454545454545,
      227.33299037559118
    ],
    [
      852.1818181818182,
      232.2716733881075
    ],
    [
      856.8181818181818,
      237.38986043816612
    ],
    [
      861.4545454545455,
      242.68755152576705
    ],
    [
      866.0909090909091,
      248.16474665091027
    ],
    [
      870.7272727272727,
      253.8214458135958
    ],
    [
      875.3636363636364,
      259.6576490138241
    ],
    [
      880.0,
      265.6733562515942
    ],
    [
      884.6363636363637,
      271.86856752690755
    ],
    [
      889.2727272727273,
      278.24328283976274
    ],
    [
      893.909090909091,
      284.7975021901607
    ],
    [
      898.5454545454545,
      291.5312255781
    ],
    [
      903.1818181818182,
      298.4444530035828
    ],
    [
      907.8181818181819,
      305.53718446660764
    ],
    [
      912.4545454545455,
      312.8094199671748
    ],
    [
      917.0909090909091,
      320.261159505284
    ],
    [
      921.7272727272727,
      327.892403080936
    ],
    [
      926.3636363636364,
      335.7031506941303
    ],
    [
      931.0,
      343.6934023448671
    ],
    [
      935.6363636363637,
      351.86315803314596
    ],
    [
      940.2727272727273,
      360.21241775896715
    ],
    [
      944.909090909091,
      368.7411815223313
    ],
    [
      949.5454545454545,
      377.44944932323733
    ],
    [
      954.1818181818182,
      386.3372211616859
    ],
    [
      958.8181818181819,
      395.4044970376772
    ],
    [
      963.4545454545455,
      404.6512769512101
    ],
    [
      968.0909090909091,
      414.07756090228554
    ],
    [
      972.7272727272727,
      423.68334889090397
    ],
    [
      977.3636363636364,
      433.46864091706425
    ],
    [
      982.0,
      443.4334369807666
    ],
    [
      986.6363636363637,
      453.57773708201216
    ],
    [
      991.2727272727273,
      463.9015412207996
    ],
    [
      995.909090909091,
      474.40484939712974
    ],
    [
      1000.5454545454545,
      485.087661611002
    ],
    [
      1005.1818181818182,
      495.949977862417
    ],
    [
      1009.8181818181819,
      506.9917981513738
    ],
    [
      1014.4545454545455,
      518.2131224778736
    ],
    [
      1019.0909090909091,
      529.6139508419151
    ],
    [
      1023.7272727272727,
      541.1942832434991
    ],
    [
      1028.3636363636365,
      552.954119682626
    ],
    [
      1033.0,
      564.8934601592948
    ]
  ],
  "parabola_params": [
    0.004175314983204101,
    -6.031690609224346,
    2340.197169375763
  ]
}