{
  "original_points": [
    [
      1002,
      691
    ],
    [
      1041,
      595
    ],
    [
      1044,
      594
    ],
    [
      1047,
      588
    ],
    [
      1038,
      554
    ],
    [
      1028,
      519
    ],
    [
      1013,
      485
    ],
    [
      999,
      453
    ],
    [
      988,
      421
    ],
    [
      973,
      392
    ],
    [
      1000,
      680
    ],
    [
      959,
      363
    ],
    [
      943,
      335
    ],
    [
      930,
      306
    ],
    [
      916,
      281
    ],
    [
      897,
      261
    ],
    [
      885,
      242
    ],
    [
      871,
      220
    ],
    [
      850,
      204
    ],
    [
      834,
      187
    ],
    [
      818,
      173
    ],
    [
      1000,
      666
    ],
    [
      798,
      160
    ],
    [
      781,
      151
    ],
    [
      762,
      142
    ],
    [
      742,
      137
    ],
    [
      724,
      133
    ],
    [
      703,
      129
    ],
    [
      683,
      132
    ],
    [
      663,
      135
    ],
    [
      640,
      137
    ],
    [
      618,
      143
    ],
    [
      1004,
      654
    ],
    [
      596,
      155
    ],
    [
      573,
      167
    ],
    [
      547,
      183
    ],
    [
      525,
      199
    ],
    [
      497,
      223
    ],
    [
      474,
      249
    ]
  ],
  "trajectory": [
    [
      474.0,
      276.5106721306197
    ],
    [
      479.7878787878788,
      267.4860491503689
    ],
    [
      485.57575757575756,
      258.71613982800204
    ],
    [
      491.3636363636364,
      250.20094416351958
    ],
    [
      497.1515151515151,
      241.94046215692106
    ],
    [
      502.93939393939394,
      233.93469380820693
    ],
    [
      508.72727272727275,
      226.18363911737652
    ],
    [
      514.5151515151515,
      218.68729808443095
    ],
    [
      520.3030303030303,
      211.4456707093691
    ],
    [
      526.0909090909091,
      204.4587569921914
    ],
    [
      531.8787878787879,
      197.7265569328979
    ],
    [
      537.6666666666666,
      191.249070531489
    ],
    [
      543.4545454545455,
      185.0262977879638
    ],
    [
      549.2424242424242,
      179.0582387023228
    ],
    [
      555.030303030303,
      173.34489327456618
    ],
    [
      560.8181818181819,
      167.8862615046935
    ],
    [
      566.6060606060606,
      162.6823433927052
    ],
    [
      572.3939393939394,
      157.73313893860086
    ],
    [
      578.1818181818182,
      153.0386481423809
    ],
    [
      583.969696969697,
      148.5988710040449
    ],
    [
      589.7575757575758,
      144.4138075235935
    ],
    [
      595.5454545454545,
      140.48345770102583
    ],
    [
      601.3333333333334,
      136.80782153634232
    ],
    [
      607.1212121212121,
      133.3868990295432
    ],
    [
      612.9090909090909,
      130.22069018062825
    ],
    [
      618.6969696969697,
      127.30919498959724
    ],
    [
      624.4848484848485,
      124.65241345645063
    ],
    [
      630.2727272727273,
      122.25034558118796
    ],
    [
      636.060606060606,
      120.10299136380968
    ],
    [
      641.8484848484849,
      118.21035080431557
    ],
    [
      647.6363636363636,
      116.57242390270562
    ],
    [
      653.4242424242425,
      115.18921065897962
    ],
    [
      659.2121212121212,
      114.06071107313801
    ],
    [
      665.0,
      113.18692514518034
    ],
    [
      670.7878787878788,
      112.56785287510729
    ],
    [
      676.5757575757576,
      112.20349426291796
    ],
    [
      682.3636363636364,
      112.09384930861302
    ],
    [
      688.1515151515151,
      112.23891801219202
    ],
    [
      693.939393939394,
      112.63870037365564
    ],
    [
      699.7272727272727,
      113.29319639300297
    ],
    [
      705.5151515151515,
      114.2024060702347
    ],
    [
      711.3030303030303,
      115.36632940535037
    ],
    [
      717.0909090909091,
      116.78496639835043
    ],
    [
      722.8787878787879,
      118.45831704923489
    ],
    [
      728.6666666666667,
      120.38638135800329
    ],
    [
      734.4545454545455,
      122.56915932465563
    ],
    [
      740.2424242424242,
      125.00665094919236
    ],
    [
      746.030303030303,
      127.69885623161326
    ],
    [
      751.8181818181818,
      130.64577517191833
    ],
    [
      757.6060606060606,
      133.84740777010757
    ],
    [
      763.3939393939394,
      137.30375402618074
    ],
    [
      769.1818181818182,
      141.0148139401383
    ],
    [
      774.969696969697,
      144.98058751198027
    ],
    [
      780.7575757575758,
      149.20107474170595
    ],
    [
      786.5454545454545,
      153.67627562931602
    ],
    [
      792.3333333333334,
      158.40619017481026
    ],
    [
      798.1212121212121,
      163.3908183781889
    ],
    [
      803.909090909091,
      168.63016023945147
    ],
    [
      809.6969696969697,
      174.12421575859798
    ],
    [
      815.4848484848485,
      179.8729849356289
    ],
    [
      821.2727272727273,
      185.87646777054374
    ],
    [
      827.060606060606,
      192.1346642633432
    ],
    [
      832.8484848484849,
      198.64757441402685
    ],
    [
      838.6363636363636,
      205.4151982225942
    ],
    [
      844.4242424242425,
      212.43753568904594
    ],
    [
      850.2121212121212,
      219.71458681338208
    ],
    [
      856.0,
      227.24635159560216
    ],
    [
      861.7878787878788,
      235.03283003570618
    ],
    [
      867.5757575757575,
      243.0740221336946
    ],
    [
      873.3636363636364,
      251.36992788956718
    ],
    [
      879.1515151515152,
      259.9205473033244
    ],
    [
      884.939393939394,
      268.7258803749653
    ],
    [
      890.7272727272727,
      277.78592710449016
    ],
    [
      896.5151515151515,
      287.1006874918994
    ],
    [
      902.3030303030303,
      296.67016153719305
    ],
    [
      908.0909090909091,
      306.49434924037064
    ],
    [
      913.8787878787879,
      316.5732506014324
    ],
    [
      919.6666666666667,
      326.9068656203783
    ],
    [
      925.4545454545455,
      337.4951942972084
    ],
    [
      931.2424242424242,
      348.3382366319229
    ],
    [
      937.030303030303,
      359.4359926245213
    ],
    [
      942.8181818181818,
      370.78846227500367
    ],
    [
      948.6060606060606,
      382.39564558337065
    ],
    [
      954.3939393939395,
      394.25754254962203
    ],
    [
      960.1818181818182,
      406.3741531737571
    ],
    [
      965.969696969697,
      418.74547745577615
    ],
    [
      971.7575757575758,
      431.3715153956796
    ],
    [
      977.5454545454545,
      444.25226699346695
    ],
    [
      983.3333333333334,
      457.3877322491394
    ],
    [
      989.1212121212121,
      470.7779111626953
    ],
    [
      994.9090909090909,
      484.4228037341352
    ],
    [
      1000.6969696969697,
      498.3224099634597
    ],
    [
      1006.4848484848485,
      512.4767298506683
    ],
    [
      1012.2727272727273,
      526.8857633957609
    ],
    [
      1018.0606060606061,
      541.5495105987379
    ],
    [
      1023.8484848484849,
      556.4679714595986
    ],
    [
      1029.6363636363635,
      571.6411459783435
    ],
    [
      1035.4242424242425,
      587.0690341549737
    ],
    [
      1041.2121212121212,
      602.7516359894869
    ],
    [
      1047.0,
      618.6889514818845
    ]
  ],
  "parabola_params": [
    0.0038017484914868137,
    -5.1852896835597075,
    1880.1763380646298
  ]
}