{"original_points": [[107, 392], [993, 591], [998, 591], [107, 390], [107, 389], [107, 389], [987, 535], [979, 503], [964, 470], [954, 444], [944, 417], [955, 679], [929, 388], [917, 363], [904, 340], [892, 316], [879, 295], [864, 275], [849, 258], [835, 244], [822, 230], [806, 219], [954, 665], [790, 209], [775, 200], [759, 194], [744, 190], [726, 187], [710, 186], [692, 192], [674, 196], [656, 203], [636, 212], [957, 654], [618, 223], [596, 240]], "parabola_params": [0.0015914920723674364, -1.6537722638523613, 550.0291770254511], "trajectory": [[107, 391], [107, 391], [107, 391], [964, 434], [954, 420], [944, 407], [917, 371], [904, 355], [892, 341], [879, 326], [775, 224], [759, 211], [744, 200], [726, 188], [710, 178], [692, 167], [674, 158]]}