{
  "original_points": [
    [
      967,
      339
    ],
    [
      955,
      315
    ],
    [
      943,
      291
    ],
    [
      932,
      273
    ],
    [
      919,
      254
    ],
    [
      903,
      240
    ],
    [
      891,
      223
    ],
    [
      878,
      212
    ],
    [
      865,
      201
    ],
    [
      850,
      193
    ],
    [
      837,
      185
    ],
    [
      823,
      179
    ],
    [
      807,
      177
    ],
    [
      794,
      175
    ],
    [
      780,
      177
    ],
    [
      762,
      179
    ],
    [
      747,
      184
    ],
    [
      731,
      191
    ],
    [
      715,
      203
    ],
    [
      698,
      215
    ],
    [
      1047,
      544
    ],
    [
      681,
      228
    ],
    [
      663,
      246
    ],
    [
      645,
      265
    ],
    [
      627,
      287
    ],
    [
      612,
      311
    ],
    [
      593,
      339
    ]
  ],
  "trajectory": [
    [
      593.0,
      351.29669105382936
    ],
    [
      597.5858585858585,
      342.67935499174064
    ],
    [
      602.1717171717172,
      334.27292186161094
    ],
    [
      606.7575757575758,
      326.0773916634412
    ],
    [
      611.3434343434343,
      318.09276439723135
    ],
    [
      615.929292929293,
      310.319040062981
    ],
    [
      620.5151515151515,
      302.75621866069014
    ],
    [
      625.10101010101,
      295.4043001903592
    ],
    [
      629.6868686868687,
      288.26328465198776
    ],
    [
      634.2727272727273,
      281.33317204557625
    ],
    [
      638.8585858585859,
      274.6139623711242
    ],
    [
      643.4444444444445,
      268.1056556286321
    ],
    [
      648.030303030303,
      261.8082518180995
    ],
    [
      652.6161616161617,
      255.72175093952637
    ],
    [
      657.2020202020202,
      249.84615299291272
    ],
    [
      661.7878787878788,
      244.18145797825946
    ],
    [
      666.3737373737374,
      238.72766589556477
    ],
    [
      670.959595959596,
      233.48477674483092
    ],
    [
      675.5454545454545,
      228.4527905260561
    ],
    [
      680.1313131313132,
      223.63170723924077
    ],
    [
      684.7171717171717,
      219.02152688438537
    ],
    [
      689.3030303030303,
      214.6222494614899
    ],
    [
      693.8888888888889,
      210.43387497055392
    ],
    [
      698.4747474747475,
      206.4564034115774
    ],
    [
      703.060606060606,
      202.68983478456084
    ],
    [
      707.6464646464647,
      199.13416908950376
    ],
    [
      712.2323232323232,
      195.7894063264066
    ],
    [
      716.8181818181818,
      192.65554649526894
    ],
    [
      721.4040404040404,
      189.7325895960912
    ],
    [
      725.989898989899,
      187.02053562887295
    ],
    [
      730.5757575757575,
      184.51938459361463
    ],
    [
      735.1616161616162,
      182.2291364903149
    ],
    [
      739.7474747474747,
      180.14979131897599
    ],
    [
      744.3333333333333,
      178.2813490795961
    ],
    [
      748.9191919191919,
      176.62380977217572
    ],
    [
      753.5050505050505,
      175.17717339671572
    ],
    [
      758.0909090909091,
      173.94143995321474
    ],
    [
      762.6767676767677,
      172.9166094416737
    ],
    [
      767.2626262626262,
      172.1026818620926
    ],
    [
      771.8484848484849,
      171.49965721447097
    ],
    [
      776.4343434343434,
      171.10753549880928
    ],
    [
      781.0202020202021,
      170.92631671510662
    ],
    [
      785.6060606060606,
      170.9560008633639
    ],
    [
      790.1919191919192,
      171.1965879435811
    ],
    [
      794.7777777777778,
      171.6480779557578
    ],
    [
      799.3636363636364,
      172.31047089989443
    ],
    [
      803.9494949494949,
      173.18376677598962
    ],
    [
      808.5353535353536,
      174.26796558404567
    ],
    [
      813.1212121212121,
      175.5630673240612
    ],
    [
      817.7070707070707,
      177.0690719960362
    ],
    [
      822.2929292929293,
      178.7859795999707
    ],
    [
      826.8787878787879,
      180.7137901358651
    ],
    [
      831.4646464646464,
      182.85250360371901
    ],
    [
      836.0505050505051,
      185.2021200035333
    ],
    [
      840.6363636363636,
      187.76263933530572
    ],
    [
      845.2222222222222,
      190.53406159903898
    ],
    [
      849.8080808080808,
      193.51638679473217
    ],
    [
      854.3939393939394,
      196.7096149223844
    ],
    [
      858.9797979797979,
      200.11374598199654
    ],
    [
      863.5656565656566,
      203.72877997356773
    ],
    [
      868.1515151515151,
      207.5547168970993
    ],
    [
      872.7373737373737,
      211.59155675259035
    ],
    [
      877.3232323232323,
      215.83929954004134
    ],
    [
      881.9090909090909,
      220.2979452594509
    ],
    [
      886.4949494949494,
      224.9674939108213
    ],
    [
      891.0808080808081,
      229.8479454941512
    ],
    [
      895.6666666666666,
      234.93930000944056
    ],
    [
      900.2525252525252,
      240.24155745668986
    ],
    [
      904.8383838383838,
      245.7547178358982
    ],
    [
      909.4242424242425,
      251.4787811470669
    ],
    [
      914.0101010101009,
      257.41374739019466
    ],
    [
      918.5959595959596,
      263.5596165652828
    ],
    [
      923.1818181818182,
      269.91638867232996
    ],
    [
      927.7676767676767,
      276.48406371133615
    ],
    [
      932.3535353535353,
      283.26264168230364
    ],
    [
      936.939393939394,
      290.2521225852297
    ],
    [
      941.5252525252524,
      297.45250642011615
    ],
    [
      946.1111111111111,
      304.8637931869612
    ],
    [
      950.6969696969697,
      312.4859828857675
    ],
    [
      955.2828282828283,
      320.3190755165324
    ],
    [
      959.8686868686868,
      328.3630710792572
    ],
    [
      964.4545454545455,
      336.6179695739411
    ],
    [
      969.040404040404,
      345.08377100058533
    ],
    [
      973.6262626262626,
      353.76047535918906
    ],
    [
      978.2121212121212,
      362.6480826497518
    ],
    [
      982.7979797979798,
      371.74659287227496
    ],
    [
      987.3838383838383,
      381.0560060267576
    ],
    [
      991.969696969697,
      390.5763221132006
    ],
    [
      996.5555555555555,
      400.30754113160265
    ],
    [
      1001.1414141414141,
      410.2496630819637
    ],
    [
      1005.7272727272727,
      420.40268796428563
    ],
    [
      1010.3131313131313,
      430.7666157785666
    ],
    [
      1014.8989898989898,
      441.34144652480745
    ],
    [
      1019.4848484848485,
      452.12718020300736
    ],
    [
      1024.0707070707072,
      463.1238168131681
    ],
    [
      1028.6565656565656,
      474.3313563552874
    ],
    [
      1033.2424242424242,
      485.74979882936714
    ],
    [
      1037.8282828282827,
      497.3791442354054
    ],
    [
      1042.4141414141413,
      509.2193925734041
    ],
    [
      1047.0,
      521.2705438433632
    ]
  ],
  "parabola_params": [
    0.005014311446313488,
    -7.849079025721668,
    3242.5229475220867
  ]
}