{
  "original_points": [
    [
      1018,
      689
    ],
    [
      1024,
      665
    ],
    [
      1022,
      665
    ],
    [
      1021,
      666
    ],
    [
      1017,
      667
    ],
    [
      1013,
      668
    ],
    [
      1009,
      671
    ],
    [
      1006,
      673
    ],
    [
      1002,
      676
    ],
    [
      998,
      678
    ],
    [
      997,
      678
    ],
    [
      1022,
      682
    ],
    [
      993,
      679
    ],
    [
      991,
      680
    ],
    [
      987,
      682
    ],
    [
      982,
      685
    ],
    [
      978,
      686
    ],
    [
      976,
      689
    ],
    [
      975,
      689
    ],
    [
      974,
      687
    ],
    [
      971,
      683
    ],
    [
      970,
      681
    ],
    [
      1023,
      680
    ],
    [
      970,
      677
    ],
    [
      968,
      667
    ],
    [
      969,
      657
    ],
    [
      973,
      644
    ],
    [
      975,
      629
    ],
    [
      978,
      616
    ],
    [
      987,
      606
    ],
    [
      991,
      598
    ],
    [
      998,
      594
    ],
    [
      1005,
      590
    ],
    [
      1023,
      678
    ],
    [
      1013,
      589
    ],
    [
      1017,
      587
    ],
    [
      1016,
      584
    ],
    [
      1010,
      568
    ],
    [
      1002,
      551
    ],
    [
      991,
      518
    ],
    [
      978,
      487
    ],
    [
      964,
      459
    ],
    [
      950,
      431
    ],
    [
      937,
      402
    ],
    [
      1026,
      675
    ],
    [
      922,
      379
    ],
    [
      907,
      354
    ],
    [
      893,
      328
    ],
    [
      874,
      309
    ],
    [
      860,
      290
    ],
    [
      846,
      273
    ],
    [
      830,
      258
    ],
    [
      811,
      244
    ],
    [
      795,
      234
    ],
    [
      780,
      225
    ],
    [
      1026,
      671
    ],
    [
      760,
      216
    ],
    [
      740,
      211
    ],
    [
      723,
      208
    ],
    [
      705,
      207
    ],
    [
      685,
      209
    ],
    [
      664,
      210
    ],
    [
      644,
      214
    ],
    [
      624,
      222
    ],
    [
      603,
      233
    ],
    [
      583,
      240
    ],
    [
      1026,
      668
    ],
    [
      493,
      310
    ]
  ],
  "trajectory": [
    [
      493.0,
      327.1297477150508
    ],
    [
      498.3838383838384,
      319.2930571095376
    ],
    [
      503.7676767676768,
      311.6950310991215
    ],
    [
      509.1515151515151,
      304.33566968380205
    ],
    [
      514.5353535353536,
      297.21497286358
    ],
    [
      519.9191919191919,
      290.3329406384553
    ],
    [
      525.3030303030303,
      283.6895730084275
    ],
    [
      530.6868686868687,
      277.2848699734966
    ],
    [
      536.070707070707,
      271.11883153366307
    ],
    [
      541.4545454545455,
      265.1914576889267
    ],
    [
      546.8383838383838,
      259.5027484392874
    ],
    [
      552.2222222222222,
      254.0527037847453
    ],
    [
      557.6060606060606,
      248.84132372529984
    ],
    [
      562.989898989899,
      243.868608260952
    ],
    [
      568.3737373737374,
      239.13455739170104
    ],
    [
      573.7575757575758,
      234.63917111754722
    ],
    [
      579.1414141414141,
      230.38244943849054
    ],
    [
      584.5252525252525,
      226.364392354531
    ],
    [
      589.9090909090909,
      222.58499986566858
    ],
    [
      595.2929292929293,
      219.04427197190307
    ],
    [
      600.6767676767677,
      215.7422086732347
    ],
    [
      606.060606060606,
      212.6788099696637
    ],
    [
      611.4444444444445,
      209.8540758611898
    ],
    [
      616.8282828282828,
      207.26800634781284
    ],
    [
      622.2121212121212,
      204.92060142953324
    ],
    [
      627.5959595959596,
      202.8118611063503
    ],
    [
      632.9797979797979,
      200.94178537826474
    ],
    [
      638.3636363636364,
      199.3103742452763
    ],
    [
      643.7474747474748,
      197.917627707385
    ],
    [
      649.1313131313132,
      196.76354576459062
    ],
    [
      654.5151515151515,
      195.8481284168936
    ],
    [
      659.8989898989898,
      195.1713756642937
    ],
    [
      665.2828282828283,
      194.73328750679093
    ],
    [
      670.6666666666667,
      194.53386394438508
    ],
    [
      676.0505050505051,
      194.57310497707613
    ],
    [
      681.4343434343434,
      194.85101060486477
    ],
    [
      686.8181818181818,
      195.36758082775032
    ],
    [
      692.2020202020202,
      196.122815645733
    ],
    [
      697.5858585858587,
      197.1167150588126
    ],
    [
      702.969696969697,
      198.34927906698954
    ],
    [
      708.3535353535353,
      199.82050767026362
    ],
    [
      713.7373737373738,
      201.53040086863484
    ],
    [
      719.1212121212121,
      203.47895866210274
    ],
    [
      724.5050505050506,
      205.66618105066823
    ],
    [
      729.8888888888889,
      208.09206803433085
    ],
    [
      735.2727272727273,
      210.75661961309038
    ],
    [
      740.6565656565657,
      213.65983578694704
    ],
    [
      746.040404040404,
      216.8017165559006
    ],
    [
      751.4242424242425,
      220.18226191995154
    ],
    [
      756.8080808080808,
      223.8014718790996
    ],
    [
      762.1919191919192,
      227.6593464333448
    ],
    [
      767.5757575757575,
      231.75588558268691
    ],
    [
      772.959595959596,
      236.09108932712638
    ],
    [
      778.3434343434344,
      240.66495766666276
    ],
    [
      783.7272727272727,
      245.4774906012965
    ],
    [
      789.1111111111111,
      250.5286881310269
    ],
    [
      794.4949494949495,
      255.8185502558547
    ],
    [
      799.8787878787879,
      261.3470769757798
    ],
    [
      805.2626262626263,
      267.1142682908019
    ],
    [
      810.6464646464647,
      273.12012420092105
    ],
    [
      816.030303030303,
      279.3646447061369
    ],
    [
      821.4141414141415,
      285.84782980645036
    ],
    [
      826.7979797979798,
      292.56967950186095
    ],
    [
      832.1818181818182,
      299.53019379236866
    ],
    [
      837.5656565656566,
      306.72937267797306
    ],
    [
      842.9494949494949,
      314.1672161586748
    ],
    [
      848.3333333333334,
      321.84372423447394
    ],
    [
      853.7171717171717,
      329.75889690536997
    ],
    [
      859.1010101010102,
      337.9127341713629
    ],
    [
      864.4848484848485,
      346.3052360324532
    ],
    [
      869.8686868686868,
      354.9364024886406
    ],
    [
      875.2525252525253,
      363.8062335399252
    ],
    [
      880.6363636363636,
      372.9147291863069
    ],
    [
      886.0202020202021,
      382.26188942778526
    ],
    [
      891.4040404040404,
      391.84771426436123
    ],
    [
      896.7878787878788,
      401.6722036960341
    ],
    [
      902.1717171717172,
      411.73535772280434
    ],
    [
      907.5555555555557,
      422.03717634467125
    ],
    [
      912.939393939394,
      432.5776595616355
    ],
    [
      918.3232323232323,
      443.35680737369694
    ],
    [
      923.7070707070707,
      454.3746197808555
    ],
    [
      929.0909090909091,
      465.63109678311116
    ],
    [
      934.4747474747476,
      477.12623838046375
    ],
    [
      939.8585858585859,
      488.86004457291347
    ],
    [
      945.2424242424242,
      500.83251536046055
    ],
    [
      950.6262626262626,
      513.0436507431045
    ],
    [
      956.010101010101,
      525.4934507208454
    ],
    [
      961.3939393939395,
      538.1819152936839
    ],
    [
      966.7777777777778,
      551.1090444616193
    ],
    [
      972.1616161616162,
      564.2748382246518
    ],
    [
