{"original_points": [[992, 600], [972, 483], [957, 453], [942, 425], [926, 394], [913, 368], [897, 344], [879, 321], [865, 298], [848, 281], [831, 260], [106, 388], [814, 245], [796, 231], [779, 220], [763, 208], [741, 201], [723, 195], [705, 190], [684, 187], [663, 187], [643, 189], [106, 388], [621, 192], [600, 198], [578, 207], [558, 220], [533, 234], [509, 248]], "parabola_params": [0.0030870881539444787, -4.10755250571612, 1548.2306442141069], "trajectory": [[957, 444], [942, 418], [926, 391], [913, 371], [897, 347], [879, 322], [865, 305], [848, 284], [831, 266], [796, 234], [779, 221], [763, 211], [741, 199], [723, 192], [705, 186], [684, 182], [663, 181], [643, 183], [600, 195], [578, 205], [558, 217], [533, 235], [509, 257]]}