{"original_points": [[929, 679], [981, 583], [979, 572], [971, 550], [951, 491], [938, 461], [926, 433], [913, 405], [900, 380], [885, 355], [931, 660], [871, 330], [856, 309], [843, 292], [828, 274], [813, 258], [799, 244], [783, 234], [767, 222], [752, 214], [734, 211], [936, 641], [718, 207], [700, 206], [683, 207], [664, 209], [646, 213], [628, 220], [608, 232], [588, 245]], "parabola_params": [0.004592236421936494, -6.410710355933202, 2436.0608307813454], "trajectory": [[979, 561], [971, 541], [951, 492], [938, 463], [926, 437], [913, 411], [900, 386], [885, 359], [856, 313], [843, 295], [828, 276], [813, 259], [799, 245], [783, 231], [767, 220], [752, 212], [734, 204], [700, 198], [683, 199], [664, 204], [646, 211], [628, 221], [608, 235], [588, 254]]}