{
  "original_points": [
    [
      972,
      585
    ],
    [
      915,
      414
    ],
    [
      903,
      389
    ],
    [
      889,
      361
    ],
    [
      877,
      339
    ],
    [
      866,
      315
    ],
    [
      850,
      295
    ],
    [
      833,
      277
    ],
    [
      820,
      259
    ],
    [
      806,
      245
    ],
    [
      790,
      233
    ],
    [
      974,
      584
    ],
    [
      775,
      222
    ],
    [
      759,
      212
    ],
    [
      742,
      206
    ],
    [
      726,
      199
    ],
    [
      710,
      195
    ],
    [
      693,
      195
    ],
    [
      676,
      198
    ],
    [
      658,
      201
    ],
    [
      639,
      207
    ],
    [
      620,
      216
    ],
    [
      974,
      580
    ],
    [
      601,
      226
    ],
    [
      583,
      239
    ]
  ],
  "trajectory": [
    [
      583.0,
      253.91562802347562
    ],
    [
      586.9494949494949,
      249.38696242958713
    ],
    [
      590.89898989899,
      245.01654539138644
    ],
    [
      594.8484848484849,
      240.80437690887265
    ],
    [
      598.7979797979798,
      236.75045698204622
    ],
    [
      602.7474747474747,
      232.85478561090713
    ],
    [
      606.6969696969697,
      229.11736279545494
    ],
    [
      610.6464646464647,
      225.53818853568964
    ],
    [
      614.5959595959596,
      222.1172628316126
    ],
    [
      618.5454545454545,
      218.854585683222
    ],
    [
      622.4949494949495,
      215.75015709051877
    ],
    [
      626.4444444444445,
      212.80397705350333
    ],
    [
      630.3939393939394,
      210.01604557217433
    ],
    [
      634.3434343434343,
      207.38636264653314
    ],
    [
      638.2929292929293,
      204.91492827657885
    ],
    [
      642.2424242424242,
      202.6017424623119
    ],
    [
      646.1919191919192,
      200.4468052037323
    ],
    [
      650.1414141414141,
      198.45011650084007
    ],
    [
      654.0909090909091,
      196.61167635363427
    ],
    [
      658.040404040404,
      194.93148476211627
    ],
    [
      661.989898989899,
      193.40954172628562
    ],
    [
      665.939393939394,
      192.04584724614188
    ],
    [
      669.8888888888889,
      190.84040132168548
    ],
    [
      673.8383838383838,
      189.79320395291688
    ],
    [
      677.7878787878788,
      188.90425513983473
    ],
    [
      681.7373737373737,
      188.17355488244038
    ],
    [
      685.6868686868687,
      187.60110318073293
    ],
    [
      689.6363636363636,
      187.18690003471283
    ],
    [
      693.5858585858585,
      186.93094544437963
    ],
    [
      697.5353535353536,
      186.83323940973423
    ],
    [
      701.4848484848485,
      186.89378193077573
    ],
    [
      705.4343434343434,
      187.11257300750412
    ],
    [
      709.3838383838383,
      187.48961263992032
    ],
    [
      713.3333333333334,
      188.02490082802342
    ],
    [
      717.2828282828283,
      188.71843757181387
    ],
    [
      721.2323232323232,
      189.57022287129166
    ],
    [
      725.1818181818182,
      190.5802567264568
    ],
    [
      729.1313131313132,
      191.74853913730885
    ],
    [
      733.0808080808081,
      193.07507010384825
    ],
    [
      737.030303030303,
      194.559849626075
    ],
    [
      740.9797979797979,
      196.20287770398863
    ],
    [
      744.929292929293,
      198.00415433759008
    ],
    [
      748.8787878787879,
      199.96367952687842
    ],
    [
      752.8282828282828,
      202.08145327185366
    ],
    [
      756.7777777777778,
      204.3574755725167
    ],
    [
      760.7272727272727,
      206.79174642886665
    ],
    [
      764.6767676767677,
      209.38426584090394
    ],
    [
      768.6262626262626,
      212.13503380862812
    ],
    [
      772.5757575757575,
      215.04405033204011
    ],
    [
      776.5252525252525,
      218.111315411139
    ],
    [
      780.4747474747475,
      221.3368290459248
    ],
    [
      784.4242424242424,
      224.72059123639883
    ],
    [
      788.3737373737374,
      228.26260198255932
    ],
    [
      792.3232323232323,
      231.96286128440715
    ],
    [
      796.2727272727273,
      235.82136914194234
    ],
    [
      800.2222222222222,
      239.83812555516442
    ],
    [
      804.1717171717172,
      244.0131305240743
    ],
    [
      808.1212121212121,
      248.3463840486711
    ],
    [
      812.070707070707,
      252.83788612895478
    ],
    [
      816.0202020202021,
      257.48763676492626
    ],
    [
      819.969696969697,
      262.29563595658465
    ],
    [
      823.9191919191919,
      267.2618837039304
    ],
    [
      827.8686868686868,
      272.38638000696346
    ],
    [
      831.8181818181818,
      277.66912486568344
    ],
    [
      835.7676767676768,
      283.1101182800912
    ],
    [
      839.7171717171717,
      288.70936025018545
    ],
    [
      843.6666666666667,
      294.46685077596794
    ],
    [
      847.6161616161617,
      300.38258985743687
    ],
    [
      851.5656565656566,
      306.45657749459315
    ],
    [
      855.5151515151515,
      312.6888136874363
    ],
    [
      859.4646464646464,
      319.0792984359673
    ],
    [
      863.4141414141413,
      325.62803174018563
    ],
    [
      867.3636363636364,
      332.33501360009086
    ],
    [
      871.3131313131313,
      339.200244015683
    ],
    [
      875.2626262626263,
      346.2237229869629
    ],
    [
      879.2121212121212,
      353.4054505139302
    ],
    [
      883.1616161616162,
      360.7454265965848
    ],
    [
      887.1111111111111,
      368.24365123492635
    ],
    [
      891.060606060606,
      375.90012442895477
    ],
    [
      895.0101010101009,
      383.71484617867054
    ],
    [
      898.959595959596,
      391.6878164840741
    ],
    [
      902.9090909090909,
      399.81903534516414
    ],
    [
      906.8585858585859,
      408.10850276194196
    ],
    [
      910.8080808080808,
      416.5562187344067
    ],
    [
      914.7575757575758,
      425.16218326255876
    ],
    [
      918.7070707070707,
      433.9263963463977
    ],
    [
      922.6565656565656,
      442.84885798592404
    ],
    [
      926.6060606060606,
      451.92956818113817
    ],
    [
      930.5555555555555,
      461.1685269320392
    ],
    [
      934.5050505050506,
      470.565734238628
    ],
    [
      938.4545454545455,
      480.1211901009033
    ],
    [
      942.4040404040404,
      489.8348945188659
    ],
    [
      946.3535353535353,
      499.7068474925154
    ],
    [
      950.3030303030303,
      509.7370490218523
    ],
    [
      954.2525252525252,
      519.9254991068765
    ],
    [
      958.2020202020202,
      530.2721977475885
    ],
    [
      962.1515151515151,
      540.7771449439874
    ],
    [
      966.1010101010102,
      551.4403406960737
    ],
    [
      970.0505050505051,
      562.2617850038469
    ],
    [
      974.0,
      573.2414778673074
    ]
  ],
  "parabola_params": [
    0.005072553470642407,
    -7.081275600736948,
    2658.194176669939
  ]
}