{
  "original_points": [
    [
      981,
      683
    ],
    [
      1028,
      589
    ],
    [
      1028,
      585
    ],
    [
      1023,
      576
    ],
    [
      1022,
      558
    ],
    [
      1010,
      532
    ],
    [
      994,
      498
    ],
    [
      981,
      466
    ],
    [
      968,
      437
    ],
    [
      953,
      410
    ],
    [
      936,
      384
    ],
    [
      983,
      668
    ],
    [
      921,
      357
    ],
    [
      904,
      330
    ],
    [
      888,
      307
    ],
    [
      871,
      287
    ],
    [
      854,
      269
    ],
    [
      838,
      252
    ],
    [
      820,
      234
    ],
    [
      802,
      221
    ],
    [
      783,
      211
    ],
    [
      763,
      199
    ],
    [
      986,
      654
    ],
    [
      745,
      191
    ],
    [
      724,
      186
    ],
    [
      705,
      182
    ],
    [
      683,
      181
    ],
    [
      663,
      182
    ],
    [
      639,
      185
    ],
    [
      616,
      189
    ],
    [
      591,
      195
    ],
    [
      566,
      206
    ],
    [
      543,
      219
    ],
    [
      988,
      639
    ],
    [
      517,
      235
    ],
    [
      500,
      235
    ],
    [
      488,
      217
    ],
    [
      474,
      200
    ],
    [
      468,
      186
    ],
    [
      475,
      181
    ],
    [
      482,
      174
    ],
    [
      490,
      167
    ],
    [
      501,
      165
    ],
    [
      509,
      168
    ],
    [
      993,
      623
    ],
    [
      516,
      171
    ],
    [
      526,
      179
    ],
    [
      535,
      188
    ],
    [
      543,
      201
    ],
    [
      553,
      216
    ],
    [
      559,
      236
    ]
  ],
  "trajectory": [
    [
      468.0,
      227.8326248764572
    ],
    [
      473.65656565656565,
      222.93374388742836
    ],
    [
      479.3131313131313,
      218.21297186139827
    ],
    [
      484.969696969697,
      213.6703087983674
    ],
    [
      490.62626262626264,
      209.30575469833525
    ],
    [
      496.2828282828283,
      205.1193095613021
    ],
    [
      501.93939393939394,
      201.11097338726813
    ],
    [
      507.5959595959596,
      197.28074617623292
    ],
    [
      513.2525252525253,
      193.6286279281967
    ],
    [
      518.9090909090909,
      190.15461864315967
    ],
    [
      524.5656565656566,
      186.85871832112093
    ],
    [
      530.2222222222222,
      183.74092696208163
    ],
    [
      535.8787878787879,
      180.80124456604153
    ],
    [
      541.5353535353536,
      178.03967113299996
    ],
    [
      547.1919191919192,
      175.45620666295758
    ],
    [
      552.8484848484849,
      173.0508511559142
    ],
    [
      558.5050505050505,
      170.82360461186954
    ],
    [
      564.1616161616162,
      168.77446703082387
    ],
    [
      569.8181818181818,
      166.9034384127774
    ],
    [
      575.4747474747475,
      165.2105187577297
    ],
    [
      581.1313131313132,
      163.69570806568095
    ],
    [
      586.7878787878788,
      162.35900633663118
    ],
    [
      592.4444444444445,
      161.2004135705804
    ],
    [
      598.1010101010102,
      160.21992976752858
    ],
    [
      603.7575757575758,
      159.41755492747575
    ],
    [
      609.4141414141415,
      158.7932890504219
    ],
    [
      615.070707070707,
      158.34713213636678
    ],
    [
      620.7272727272727,
      158.07908418531088
    ],
    [
      626.3838383838383,
      157.98914519725395
    ],
    [
      632.040404040404,
      158.07731517219577
    ],
    [
      637.6969696969697,
      158.3435941101368
    ],
    [
      643.3535353535353,
      158.78798201107656
    ],
    [
      649.010101010101,
      159.41047887501531
    ],
    [
      654.6666666666666,
      160.21108470195327
    ],
    [
      660.3232323232323,
      161.18979949188997
    ],
    [
      665.9797979797979,
      162.34662324482565
    ],
    [
      671.6363636363636,
      163.6815559607603
    ],
    [
      677.2929292929293,
      165.19459763969394
    ],
    [
      682.9494949494949,
      166.88574828162632
    ],
    [
      688.6060606060606,
      168.7550078865579
    ],
    [
      694.2626262626263,
      170.80237645448847
    ],
    [
      699.9191919191919,
      173.027853985418
    ],
    [
      705.5757575757575,
      175.4314404793463
    ],
    [
      711.2323232323232,
      178.01313593627378
    ],
    [
      716.8888888888889,
      180.77294035620002
    ],
    [
      722.5454545454545,
      183.71085373912547
    ],
    [
      728.2020202020202,
      186.82687608504966
    ],
    [
      733.8585858585859,
      190.12100739397283
    ],
    [
      739.5151515151515,
      193.59324766589498
    ],
    [
      745.1717171717171,
      197.24359690081587
    ],
    [
      750.8282828282829,
      201.0720550987362
    ],
    [
      756.4848484848485,
      205.07862225965528
    ],
    [
      762.1414141414141,
      209.2632983835731
    ],
    [
      767.7979797979798,
      213.62608347049013
    ],
    [
      773.4545454545455,
      218.16697752040614
    ],
    [
      779.1111111111111,
      222.8859805333209
    ],
    [
      784.7676767676768,
      227.78309250923496
    ],
    [
      790.4242424242425,
      232.85831344814778
    ],
    [
      796.0808080808081,
      238.11164335005935
    ],
    [
      801.7373737373737,
      243.5430822149699
    ],
    [
      807.3939393939394,
      249.15263004287965
    ],
    [
      813.0505050505051,
      254.9402868337886
    ],
    [
      818.7070707070707,
      260.9060525876961
    ],
    [
      824.3636363636364,
      267.04992730460265
    ],
    [
      830.0202020202021,
      273.3719109845082
    ],
    [
      835.6767676767677,
      279.8720036274125
    ],
    [
      841.3333333333333,
      286.550205233316
    ],
    [
      846.9898989898991,
      293.4065158022187
    ],
    [
      852.6464646464647,
      300.4409353341198
    ],
    [
      858.3030303030303,
      307.65346382901987
    ],
    [
      863.959595959596,
      315.0441012869193
    ],
    [
      869.6161616161617,
      322.6128477078179
    ],
    [
      875.2727272727273,
      330.3597030917149
    ],
    [
      880.929292929293,
      338.284667438611
    ],
    [
      886.5858585858587,
      346.3877407485062
    ],
    [
      892.2424242424242,
      354.6689230214
    ],
    [
      897.8989898989898,
      363.12821425729317
    ],
    [
      903.5555555555555,
      371.7656144561852
    ],
    [
      909.2121212121212,
      380.58112361807616
    ],
    [
      914.8686868686868,
      389.5747417429659
    ],
    [
      920.5252525252525,
      398.74646883085484
    ],
    [
      926.1818181818182,
      408.0963048817431
    ],
    [
      931.8383838383838,
      417.62424989562965
    ],
    [
      937.4949494949494,
      427.33030387251506
    ],
    [
      943.1515151515151,
      437.2144668123998
    ],
    [
      948.8080808080808,
      447.2767387152835
    ],
    [
      954.4646464646464,
      457.5171195811663
    ],
    [
      960.1212121212121,
      467.93560941004796
    ],
    [
      965.7777777777778,
      478.5322082019286
    ],
    [
      971.4343434343434,
      489.30691595680776
    ],
    [
      977.090909090909,
      500.25973267468635
    ],
    [
      982.7474747474747,
      511.3906583555639
    ],
    [
      988.4040404040404,
      522.6996929994403
    ],
    [
      994.060606060606,
      534.1868366063154
    ],
    [
      999.7171717171717,
      545.8520891761897
    ],
    [
      1005.3737373737374,
      557.695450709063
    ],
    [
      1011.030303030303,
      569.7169212049354
    ],
    [
      1016.6868686868687,
      581.9165006638067
    ],
    [
      1022.3434343434343,
      594.2941890856765
    ],
    [
      1028.0,
      606.8499864705457
