{"original_points": [[934, 686], [987, 586], [989, 581], [984, 568], [977, 545], [970, 514], [960, 483], [946, 453], [938, 426], [925, 398], [917, 374], [937, 672], [901, 352], [894, 328], [878, 307], [866, 290], [853, 273], [841, 257], [830, 246], [814, 235], [802, 226], [788, 219], [938, 656], [774, 214], [760, 211], [745, 210], [730, 212], [715, 218], [700, 222], [682, 231], [665, 241], [651, 255], [635, 268], [941, 639], [618, 289], [614, 309]], "parabola_params": [0.006214031384133456, -9.267582248868747, 3658.740377546105], "trajectory": [[989, 571], [984, 556], [977, 535], [970, 515], [960, 488], [946, 452], [938, 433], [925, 403], [917, 385], [894, 339], [878, 312], [866, 293], [853, 274], [841, 259], [830, 247], [814, 232], [802, 223], [788, 214], [760, 204], [745, 203], [730, 204], [715, 209], [700, 216], [682, 228], [665, 243], [651, 259], [635, 279], [614, 311]]}