{
  "original_points": [
    [
      999,
      680
    ],
    [
      1052,
      591
    ],
    [
      1052,
      586
    ],
    [
      1043,
      557
    ],
    [
      1024,
      491
    ],
    [
      1013,
      458
    ],
    [
      998,
      426
    ],
    [
      987,
      397
    ],
    [
      972,
      367
    ],
    [
      1001,
      665
    ],
    [
      958,
      341
    ],
    [
      945,
      315
    ],
    [
      929,
      291
    ],
    [
      917,
      267
    ],
    [
      901,
      249
    ],
    [
      886,
      229
    ],
    [
      870,
      213
    ],
    [
      854,
      197
    ],
    [
      838,
      184
    ],
    [
      822,
      172
    ],
    [
      1005,
      652
    ],
    [
      804,
      162
    ],
    [
      786,
      154
    ],
    [
      770,
      148
    ],
    [
      749,
      143
    ],
    [
      731,
      142
    ],
    [
      711,
      143
    ],
    [
      693,
      146
    ],
    [
      673,
      153
    ],
    [
      652,
      162
    ],
    [
      630,
      168
    ],
    [
      1011,
      635
    ],
    [
      608,
      181
    ],
    [
      588,
      196
    ],
    [
      564,
      214
    ],
    [
      541,
      236
    ],
    [
      1017,
      619
    ],
    [
      1023,
      605
    ],
    [
      1032,
      596
    ],
    [
      1041,
      595
    ],
    [
      1047,
      594
    ],
    [
      588,
      196
    ],
    [
      564,
      214
    ],
    [
      541,
      236
    ],
    [
      541,
      236
    ],
    [
      541,
      236
    ]
  ],
  "trajectory": [
    [
      541.0,
      251.3756355601904
    ],
    [
      546.1616161616162,
      243.7453335062869
    ],
    [
      551.3232323232323,
      236.34885183387405
    ],
    [
      556.4848484848485,
      229.18619054295232
    ],
    [
      561.6464646464647,
      222.25734963352033
    ],
    [
      566.8080808080808,
      215.56232910557947
    ],
    [
      571.969696969697,
      209.10112895912926
    ],
    [
      577.1313131313132,
      202.8737491941697
    ],
    [
      582.2929292929293,
      196.88018981070036
    ],
    [
      587.4545454545455,
      191.12045080872167
    ],
    [
      592.6161616161617,
      185.59453218823364
    ],
    [
      597.7777777777778,
      180.30243394923627
    ],
    [
      602.939393939394,
      175.2441560917291
    ],
    [
      608.1010101010102,
      170.41969861571306
    ],
    [
      613.2626262626263,
      165.8290615211872
    ],
    [
      618.4242424242424,
      161.47224480815248
    ],
    [
      623.5858585858585,
      157.3492484766075
    ],
    [
      628.7474747474747,
      153.46007252655363
    ],
    [
      633.9090909090909,
      149.80471695798997
    ],
    [
      639.070707070707,
      146.38318177091742
    ],
    [
      644.2323232323232,
      143.19546696533507
    ],
    [
      649.3939393939394,
      140.24157254124339
    ],
    [
      654.5555555555555,
      137.52149849864236
    ],
    [
      659.7171717171717,
      135.035244837532
    ],
    [
      664.8787878787879,
      132.78281155791183
    ],
    [
      670.040404040404,
      130.76419865978232
    ],
    [
      675.2020202020202,
      128.97940614314393
    ],
    [
      680.3636363636364,
      127.42843400799575
    ],
    [
      685.5252525252525,
      126.11128225433822
    ],
    [
      690.6868686868687,
      125.0279508821709
    ],
    [
      695.8484848484849,
      124.17843989149469
    ],
    [
      701.010101010101,
      123.56274928230869
    ],
    [
      706.1717171717172,
      123.18087905461334
    ],
    [
      711.3333333333334,
      123.03282920840866
    ],
    [
      716.4949494949495,
      123.11859974369463
    ],
    [
      721.6565656565657,
      123.43819066047126
    ],
    [
      726.8181818181818,
      123.9916019587381
    ],
    [
      731.9797979797979,
      124.7788336384956
    ],
    [
      737.1414141414141,
      125.79988569974375
    ],
    [
      742.3030303030303,
      127.05475814248257
    ],
    [
      747.4646464646464,
      128.54345096671204
    ],
    [
      752.6262626262626,
      130.26596417243172
    ],
    [
      757.7878787878788,
      132.22229775964252
    ],
    [
      762.9494949494949,
      134.4124517283435
    ],
    [
      768.1111111111111,
      136.83642607853517
    ],
    [
      773.2727272727273,
      139.49422081021748
    ],
    [
      778.4343434343434,
      142.38583592339046
    ],
    [
      783.5959595959596,
      145.51127141805364
    ],
    [
      788.7575757575758,
      148.87052729420793
    ],
    [
      793.9191919191919,
      152.46360355185197
    ],
    [
      799.0808080808081,
      156.2905001909876
    ],
    [
      804.2424242424242,
      160.3512172116134
    ],
    [
      809.4040404040404,
      164.64575461372942
    ],
    [
      814.5656565656566,
      169.17411239733656
    ],
    [
      819.7272727272727,
      173.9362905624339
    ],
    [
      824.8888888888889,
      178.9322891090219
    ],
    [
      830.0505050505051,
      184.16210803710055
    ],
    [
      835.2121212121212,
      189.62574734666987
    ],
    [
      840.3737373737374,
      195.32320703772984
    ],
    [
      845.5353535353536,
      201.25448711028002
    ],
    [
      850.6969696969697,
      207.41958756432086
    ],
    [
      855.8585858585859,
      213.81850839985236
    ],
    [
      861.0202020202021,
      220.45124961687452
    ],
    [
      866.1818181818182,
      227.31781121538734
    ],
    [
      871.3434343434344,
      234.4181931953908
    ],
    [
      876.5050505050506,
      241.7523955568845
    ],
    [
      881.6666666666667,
      249.32041829986883
    ],
    [
      886.8282828282829,
      257.1222614243443
    ],
    [
      891.9898989898991,
      265.1579249303095
    ],
    [
      897.1515151515152,
      273.4274088177658
    ],
    [
      902.3131313131314,
      281.93071308671233
    ],
    [
      907.4747474747475,
      290.66783773714997
    ],
    [
      912.6363636363636,
      299.6387827690778
    ],
    [
      917.7979797979798,
      308.8435481824963
    ],
    [
      922.959595959596,
      318.282133977405
    ],
    [
      928.1212121212121,
      327.9545401538046
    ],
    [
      933.2828282828283,
      337.8607667116953
    ],
    [
      938.4444444444445,
      348.000813651076
    ],
    [
      943.6060606060606,
      358.3746809719471
    ],
    [
      948.7676767676768,
      368.9823686743098
    ],
    [
      953.929292929293,
      379.823876758162
    ],
    [
      959.0909090909091,
      390.89920522350485
    ],
    [
      964.2525252525253,
      402.2083540703384
    ],
    [
      969.4141414141415,
      413.75132329866346
    ],
    [
      974.5757575757575,
      425.5281129084774
    ],
    [
      979.7373737373737,
      437.5387228997836
    ],
    [
      984.8989898989898,
      449.7831532725793
    ],
    [
      990.060606060606,
      462.26140402686565
    ],
    [
      995.2222222222222,
      474.9734751626436
    ],
    [
      1000.3838383838383,
      487.91936667991104
    ],
    [
      1005.5454545454545,
      501.09907857866915
    ],
    [
      1010.7070707070707,
      514.5126108589179
    ],
    [
      1015.8686868686868,
      528.159963520658
    ],
    [
      1021.030303030303,
      542.0411365638879
    ],
    [
      1026.1919191919192,
      556.1561299886084
    ],
    [
      1031.3535353535353,
      570.5049437948203
    ],
    [
      1036.5151515151515,
      585.0875779825219
    ],
    [
      1041.6767676767677,
      599.904032551714
    ],
    [
      1046.8383838383838,
      614.9543075023969
    ],
    [
      1052.0,
      630.2384028345712
    ]
  ],
  "parabola_params": [
    0.004388144881088032,
    -6.248900378206541,
    2347.7041082282026
  ]
}